sample	lineage
KX555629|NA|turdus_merula|IT|2015	A.4
KX816646|200092/2010|turdus_merula|IT|2010-08	A.4
KU573073|229615-1/2013|culex_pipiens|IT|2013	A.4
KX816653|206795-3/2012|culex_pipiens|IT|2012-09	A.4
AY453411|NA|NA|AT|2001	A
JQ219843|NA|cyanistes_caeruleus|AT|2002-08-29	A
EF206350|Budapest|turdus_merula|HU|2005	A
MG888044|NA|culex_pipiens|RS|2014-08	A
KU573071|218200/2013|culex_pipiens|IT|2013	A
KY426760|NA|turdus_merula|DE|2016-09-29	A.3
KY128481|Snebulosa-7890/Fra/2016|strix_nebulosa|FR|2016-09-22	A.3
KJ438780|NA|turdus_merula|DE|2011-09-14	A.3
KJ438781|NA|turdus_merula|DE|2011-09-26	A.3
KY426751|NA|turdus_pilaris|DE|2015-09-01	A.1
KJ438760|NA|turdus_merula|DE|2011-09-16	A.1
MW164637|11pool1989|culex_pipiens|IT|2011-08-23	A.2
JF266698|NA|turdus_merula|IT|2009	A.2
MN989418|Usutu/Goose/Italy/17917/2018|anatidae__duck_sp_|IT|2018-08-20	A
KJ438770|NA|turdus_merula|DE|2011-09-15	A.1
KJ438745|NA|turdus_merula|DE|2011-09-16	A.1
KJ438744|NA|turdus_merula|DE|2012-06-23	A.1
KJ438752|NA|turdus_merula|DE|2011-09-15	A.1
KJ438748|NA|turdus_merula|DE|2012-07-23	A.1
KJ438762|NA|turdus_merula|DE|2011-09-18	A.1
KJ438747|NA|turdus_merula|DE|2012-07-17	A.1
KJ438705|NA|culex_pipiens|DE|2010-07-14	A.1
MW164653|12pool2653|culex_pipiens|IT|2012-09-05	A.2
MW164677|14pool1489|culex_pipiens|IT|2014-09-02	A.2
MW164651|12pool2626|culex_pipiens|IT|2012-09-05	A.2
MW164666|13pool5999|culex_pipiens|IT|2013-08-21	A.2
MW164638|11pool2109|culex_pipiens|IT|2011-08-24	A.2
KJ438753|NA|turdus_merula|DE|2011-09-16	A.1
KJ438759|NA|turdus_merula|DE|2011-09-28	A.1
KJ438765|NA|turdus_merula|DE|2011-09-15	A.1
MN122154|AS201600089|turdus_merula|NL|2016-09-20	A.1
KJ438749|NA|turdus_merula|DE|2012-07-18	A.1
KJ438763|NA|turdus_merula|DE|2012-07-17	A.1
KJ438739|NA|turdus_merula|DE|2013-09-10	A.1
KJ438756|NA|turdus_merula|DE|2011-09-26	A.1
KJ438750|NA|turdus_merula|DE|2011-09-14	A.1
KJ438751|NA|turdus_merula|DE|2011-09-15	A.1
KJ438730|NA|turdus_merula|DE|2011-09-14	A.1
KJ438761|NA|turdus_merula|DE|2011-09-15	A.1
MK230892|Richelle/2017|turdus_merula|BE|2017-08	A.1
KJ438742|NA|turdus_merula|DE|2013-09-23	A.1
MW164656|12VIR6787-11|alauda_arvensis|IT|2012-09-03	A.2
MW164655|12VIR6787-10|alauda_arvensis|IT|2012-09-03	A.2
KX555624|NA|turdus_merula|IT|2010	A.0
HM569263|NA|homo_sapiens|IT|2009-09-24	A.0
KJ438778|NA|turdus_merula|DE|2011-09-19	A.1
KJ438767|NA|culex_sp|DE|2011-09-08	A.1
KJ438776|NA|turdus_merula|DE|2011-09-14	A.1
KJ438777|NA|turdus_merula|DE|2011-09-14	A.1
KY199558|NA|turdus_merula|DE|2016	A.1
OP555956|NA|strix_nebulosa|BE|2017-07-10	A.1
KJ438775|NA|turdus_merula|DE|2011-09-16	A.1
KJ438768|NA|culex_sp|DE|2013-08-22	A.1
MN122172|AS201600221|turdus_merula|NL|2016-09-22	A.1
MN122179|AS201600268|turdus_merula|NL|2016-09-30	A.1
KJ438766|NA|turdus_merula|DE|2012-09-19	A.1
KJ438764|NA|turdus_merula|DE|2012-07-17	A.1
KY426753|NA|turdus_merula|DE|2015-08-18	A.1
KJ438746|NA|turdus_merula|DE|2011-09-27	A.1
MW164665|13pool5873|culex_pipiens|IT|2013-08-13	A.2
MW164650|12pool2586|culex_pipiens|IT|2012-08-23	A.2
MW164646|12pool2249|culex_pipiens|IT|2012-08-07	A.2
MW164659|13pool5600|culex_pipiens|IT|2013-08-07	A.2
MW164649|12pool2412|culex_pipiens|IT|2012-08-22	A.2
KX555625|NA|turdus_merula|IT|2010	A.0
KX816647|208576-8/2011|culex_pipiens|IT|2011-08	A.0
KJ438769|NA|turdus_merula|DE|2011-09-15	A.1
KJ438779|NA|turdus_merula|DE|2012-07-12	A.1
KJ438774|NA|turdus_merula|DE|2012-09-04	A.1
KJ438729|NA|turdus_merula|DE|2012-07-18	A.1
KX601691|USUV-HautRhin7316/France/2015|turdus_merula|FR|2015-08-05	A.1
KJ438757|NA|turdus_merula|DE|2013-08-26	A.1
KX555627|NA|turdus_merula|IT|2010	A.0
KX555628|NA|turdus_merula|IT|2010	A.0
KX816652|211204-7/2012|culex_pipiens|IT|2012-08	A.0
ON032477|ITA2018_17495|turdus_merula|IT|2018-08-17	A.0
OR757490|17404210|culex_pipiens|IT|2023-07-11	A.0
MF991886|BD1/17-AT|homo_sapiens|AT|2017-07-24	A.0
MW164721|17pool1664|culex_pipiens|IT|2017-08-16	A.0
KY426762|NA|turdus_merula|DE|2016-09-26	A.1
NA|AS201700144|branta_ruficollis|NL|2017-08-14	A.1
MN122166|AS201600133|turdus_merula|NL|2016-09-23	A.1
MN122190|AS201700080|turdus_merula|NL|2017-07-05	A.1.0
MT133690|UV/BlackBird/Sweden/SVA190801SZ0368/VLT001567/2019|turdus_merula|SE|2019-08-01	A.1.0
KX601690|USUV-HautRhin7315/France/2015|turdus_merula|FR|2015-08-10	A.1
KJ438758|NA|turdus_merula|DE|2013-08-13	A.1
MN122215|AS201800038|turdus_merula|NL|2017-09-11	A.1
MW164689|15pool1503|culex_pipiens|IT|2015-08-10	A.2
MW164702|16pool2106|culex_pipiens|IT|2016-08-16	A.2
MW164705|16pool2336|culex_pipiens|IT|2016-08-29	A.2
MW164674|14pool1419|culex_pipiens|IT|2014-08-26	A.2
MW164698|16pool1777|culex_pipiens|IT|2016-07-25	A.2
MW164696|15VIR4781-43|turdus_merula|IT|2015-09-15	A.2
KX816650|211984-4/2012|culex_pipiens|IT|2012-08	A.0
KU573075|201602-24/2014|culex_pipiens|IT|2014	A.0
KU573070|216606/2013|culex_pipiens|IT|2013	A.0
OR757493|17404216|culex_pipiens|IT|2023-07-15	A.0
OP734251|NA|culex_pipiens|IT|2022-08-01	A.0
NA|USUV-GR1439/2024|homo_sapiens|EL|2024-09-16	A.0
MF063043|HU-47540/16|turdus_merula|HU|2016-09-26	A.0
MF063042|AT-N211/16|turdus_merula|AT|2016-09-29	A.0
NA|22VIR8404-2|turdus_merula|IT|2022-09-01	A.0
ON813236|305920/2021|culex_pipiens|IT|2021	A.0
MW164634|11pool1743|culex_pipiens|IT|2011-08-09	A.0
MW164640|11pool2444|culex_pipiens|IT|2011-09-21	A.0
MW164739|18pool1261|culex_pipiens|IT|2018-07-19	A.0
MW164742|18pool1264|culex_pipiens|IT|2018-07-19	A.0
KY315178|Gracula_religiosa/U1609393/Belgium/2016|gracula_religiosa|BE|2016-10-03	A.1.0
MN122213|AS201700248|turdus_merula|NL|2017-09-20	A.1.0
MK796168|AS201600070|strix_nebulosa|NL|2016-09-13	A.1.0
NA|AS20190530|turdus_merula|NL|2019-08-19	A.1.0
NA|AS20221798|turdus_merula|NL|2022-08-30	A.1.0
KY426755|NA|turdus_merula|DE|2016-09-19	A.1
KY426756|NA|turdus_merula|DE|2016-09-23	A.1
KJ438741|NA|turdus_merula|DE|2013-08-26	A.1
KJ438738|NA|turdus_merula|DE|2011-09-16	A.1
KY426767|NA|turdus_merula|DE|2016-10-14	A.1
KJ438737|NA|culex_torrentium|DE|2011-08-21	A.1
MW164660|13pool5678|culex_pipiens|IT|2013-08-08	A.0
KX816651|211204-8/2012|culex_pipiens|IT|2012-08	A.0
OP734252|NA|culex_pipiens|IT|2022-08-01	A.0
OP734258|NA|culex_pipiens|IT|2022-07-27	A.0
NA|23VIR9292|turdus_merula|IT|2023-10-01	A.0
OR757496|1740423|NA|IT|2023-07-15	A.0
OP734254|NA|NA|IT|2022-08-08	A.0
OR921104|2023TE1838911|culex_pipiens|IT|2023-09-08	A.0
OP734255|NA|culex_pipiens|IT|2022-07-27	A.0
MT784899|NA|turdus_merula|IT|2017	A.0
OP734249|NA|culex_pipiens|IT|2022-08-01	A.0
MW164682|14pool857|culex_pipiens|IT|2014-07-22	A.0
MW164671|14pool1366|culex_pipiens|IT|2014-08-20	A.0
MW164684|14VIR5467-8|NA|IT|2014-09-02	A.0
MW164642|12pool1948|culex_pipiens|IT|2012-07-24	A.0
MW164652|12pool2628|culex_pipiens|IT|2012-09-05	A.0
MT784898|NA|turdus_iliacus|IT|2017	A.0
MW164717|17pool1609|culex_pipiens|IT|2017-08-16	A.0
MW164765|18pool1832|culex_pipiens|IT|2018-08-28	A.0
MW164662|13pool5744|culex_pipiens|IT|2013-08-13	A.0
KY426770|NA|turdus_merula|DE|2016-09-20	A.1
KY426769|NA|turdus_merula|DE|2016-09-20	A.1
KJ438773|NA|turdus_merula|DE|2011-09-29	A.1
KJ438771|NA|turdus_merula|DE|2013-05-05	A.1
MN122152|AS201600060|turdus_merula|NL|2016-09-12	A.1
MN122196|AS201700103|turdus_merula|NL|2017-07-19	A.1
MN122203|AS201700127|turdus_merula|NL|2017-07-30	A.1
MN122177|AS201600253|turdus_merula|NL|2016-09-27	A.1
KJ438733|NA|turdus_merula|DE|2012-09-13	A.1
KY426759|NA|turdus_merula|DE|2016-09-12	A.1
KJ438754|NA|turdus_merula|DE|2012-09-18	A.1
MW164664|13pool5827|culex_pipiens|IT|2013-08-13	A.0
KU573074|245735-8/2013|culex_pipiens|IT|2013	A.0
MW164738|18pool1258|culex_pipiens|IT|2018-07-19	A.0
MW164670|13pool6472|culex_pipiens|IT|2013-09-05	A.0
MW164678|14pool1494|culex_pipiens|IT|2014-09-02	A.0
MW164663|13pool5778|culex_pipiens|IT|2013-08-13	A.0
MW164668|13pool6465|culex_pipiens|IT|2013-09-05	A.0
NA|20VIR5077|turdus_merula|IT|2020-08-21	A.0
MW164683|14pool895|culex_pipiens|IT|2014-07-22	A.0
MW164687|15pool1419|culex_pipiens|IT|2015-08-05	A.0
MW164743|18pool1267|culex_pipiens|IT|2018-07-19	A.0
MW164686|15pool1335|culex_pipiens|IT|2015-08-03	A.0
MW164731|18pool1018|culex_pipiens|IT|2018-07-10	A.0
MN122192|AS201700086|turdus_merula|NL|2017-07-11	A.1
KX977447|NA|turdus_merula|BE|2016-09	A.1
MN122174|AS201600241|turdus_merula|NL|2016-09-27	A.1
MN122189|AS201700077|turdus_merula|NL|2017-07-03	A.1
MN122188|AS201700024|turdus_merula|NL|2017-04-11	A.1
MN122235|AS201800112|turdus_merula|NL|2018-08-14	A.1
KJ859683|BAT2USUTU-BNI|pipistrellus_pipistrellus|DE|2013-10-05	A.1
KJ859682|BAT1USUTU-BNI|pipistrellus_pipistrellus|DE|2013-09-21	A.1
KJ438707|NA|culex_pipiens|DE|2011-07-07	A.1
KY426766|NA|turdus_merula|DE|2016-10-11	A.1
MN122198|AS201700109|turdus_merula|NL|2017-07-25	A.1
OR921097|2023TE1640411|culex_pipiens|IT|2023-08-11	A.0
PP104387|TE2518512|sturnus_vulgaris|IT|2023-09-13	A.0
PP104388|TE2518612|turdus_merula|IT|2023-09-22	A.0
MW164688|15pool1426|culex_pipiens|IT|2015-08-06	A.0
MW164741|18pool1263|culex_pipiens|IT|2018-07-19	A.0
MW164672|14pool1388|culex_pipiens|IT|2014-08-22	A.0
MW164720|17pool1653|culex_pipiens|IT|2017-08-16	A.0
NA|20VIR4951|serinus_canaria|IT|2020-08-19	A.0
MW164691|15pool1751|culex_pipiens|IT|2015-09-02	A.0
MW164694|15VIR4781-31|turdus_iliacus|IT|2015-09-15	A.0
OP734256|NA|culex_pipiens|IT|2022-07-29	A.0.4
NA|17TV1446|turdus_merula|NL|2017-09-07	A.1
MK230890|Villers/2017|turdus_merula|BE|2017-08	A.1
OP555957|NA|turdus_merula|BE|2017-07-24	A.1
KY263624|NA|turdus_merula|BE|2016-10	A.1
NA|20TV2299|turdus_merula|NL|2020-08-29	A.1
OR921102|2023TE1908911|culex_pipiens|IT|2023-09-15	A.0
OR921105|2023TE1839111|phoenicurus_phoenicurus|IT|2023-09-08	A.0
ON813234|ITA2021_299815|turdus_merula|IT|2021	A.0.0
OP734245|NA|culex_pipiens|IT|2022-07-01	A.0.0
OR757494|17404220|turdus_merula|IT|2023-07-24	A.0.3
ON032482|ITA2021_304421|larus_michahellis|IT|2021-09-08	A.0.3
MW164711|17pool1252|culex_pipiens|IT|2017-07-19	A.0
MW164724|17pool1709|culex_pipiens|IT|2017-08-17	A.0
NA|23VIR9300|turdus_merula|IT|2023-10-01	A.0.1
NA|23pool1901_23RS1909-300|culex_pipiens|IT|2023-08-16	A.0.1
NA|22VIR7086-3|turdus_merula|IT|2022-07-18	A.0.1
NA|23VIR8708|columbidae_sp|IT|2023-09-01	A.0.1
MW164769|18pool948|culex_pipiens|IT|2018-07-06	A.0
MW164757|18pool1614|culex_pipiens|IT|2018-08-09	A.0
NA|23pool2138_23RS2497-1|culex_pipiens|IT|2023-11-13	A.0.4
NA|23VIR8795|turdus_merula|IT|2023-08-23	A.0.4
MW164761|18pool1662|culex_pipiens|IT|2018-08-14	A.0
MW164690|15pool1564|culex_pipiens|IT|2015-08-17	A.0
MW164729|17VIR8655-3|larus_michahellis|IT|2017-09-18	A.0
MW164748|18pool1442|culex_pipiens|IT|2018-07-31	A.0
MW164703|16pool2117|culex_pipiens|IT|2016-08-16	A.0
MW164734|18pool1141|culex_pipiens|IT|2018-07-17	A.0
OP555958|NA|turdus_merula|BE|2017-08-07	A.1
MN122158|AS201600104|turdus_merula|NL|2016-09-22	A.1
MT580899|NA|strix_nebulosa|DE|2018	A.1
MN122229|AS201800097|turdus_merula|NL|2018-08-03	A.1
OR921099|2023TE1908111|turdus_merula|IT|2023-09-15	A.0.0
PP104386|TE2518312|culex_pipiens|IT|2023-09-08	A.0.0
ON032485|ITA2021_302331|turdus_merula|IT|2021	A.0.0
OR757492|17404213|culex_pipiens|IT|2023-07-24	A.0.3
OR921093|2023TE1639111|culex_pipiens|IT|2023-08-11	A.0.3
PP104383|TE2518012|culex_pipiens|IT|2023-08-02	A.0.3
OP734260|NA|culex_pipiens|IT|2022-07-08	A.0.3
OR757491|17404212|laridae_sp|IT|2023-07-20	A.0.3
MW164755|18pool1575|culex_pipiens|IT|2018-08-07	A.0
MW164736|18pool1219|culex_pipiens|IT|2018-07-17	A.0
MW164708|17pool103G|culex_pipiens|IT|2017-08-30	A.0
MW164771|18VIR7859-4|turdus_merula|IT|2018-09-07	A.0
MW164707|16pool2571|culex_pipiens|IT|2016-09-14	A.0.2
NA|23pool2067_23RS1943-143|culex_pipiens|IT|2023-08-24	A.0.1
PP104385|TE2518212|culex_pipiens|IT|2023-09-22	A.0.1
OR921101|2023TE1838411|culex_pipiens|IT|2023-09-08	A.0.1
NA|23pool1280_23RS1633-583|culex_pipiens|IT|2023-07-05	A.0.4
OR757489|1572126|culex_pipiens|IT|2023-07-07	A.0.4
MW164709|17pool1191|culex_pipiens|IT|2017-07-17	A.0
MW164715|17pool1525|culex_pipiens|IT|2017-08-07	A.0
MW164747|18pool1430|culex_pipiens|IT|2018-07-31	A.0
ON032484|ITA2021_305812|columba_palumbus|IT|2021-09-10	A.0.0
ON032486|ITA2021_310782|turdus_merula|IT|2021	A.0.0
ON813235|ITA2021_300240|turdus_merula|IT|2021	A.0.0
NA|20VIR4811|serinus_canaria|IT|2020-08-10	A.0.2
MW164762|18pool1712|culex_pipiens|IT|2018-08-17	A.0.2
MW164764|18pool1795|culex_pipiens|IT|2018-08-23	A.0.2
MW164719|17pool1647|culex_pipiens|IT|2017-08-16	A.0.2
MW164758|18pool1617|culex_pipiens|IT|2018-08-09	A.0.2
MW164745|18pool1398|culex_pipiens|IT|2018-07-26	A.0.2
OR921100|2023TE1837011|culex_pipiens|IT|2023-09-08	A.0.1
OR921096|2023TE1822511|turdus_merula|IT|2023-09-07	A.0.1
OR757488|1572124|culex_pipiens|IT|2023-07-06	A.0.1
PP104389|TE2518712|culex_pipiens|IT|2023-09-22	A.0.1
MW164760|18pool1660|culex_pipiens|IT|2018-08-14	A.0
OP734246|NA|culex_pipiens|IT|2022-07-29	A.0
MW164701|16pool2021|culex_pipiens|IT|2016-08-08	A.0
MW164770|18VIR7808-6|ciconia_ciconia|IT|2018-09-07	A.0
MW164728|17VIR7838-4|turdus_merula|IT|2017-08-30	A.0
MW164727|17VIR7761-4|sturnus_vulgaris|IT|2017-09-01	A.0
MW164722|17pool1671|culex_pipiens|IT|2017-08-16	A.0
MW164730|18pool1009|culex_pipiens|IT|2018-07-10	A.0.5
MW164716|17pool1544|culex_pipiens|IT|2017-08-07	A.0.5
MW164766|18pool1965|culex_pipiens|IT|2018-09-06	A.0.5
OP734248|NA|culex_pipiens|IT|2022-07-29	A.0.5
OP734259|NA|culex_pipiens|IT|2022-07-25	A.0.0
OR921095|2023TE1639211|culex_pipiens|IT|2023-08-11	A.0.0
OP734261|NA|culex_pipiens|IT|2022-07-08	A.0.0
ON032476|ITA2020_155885|turdus_merula|IT|2020	A.0.0
ON032474|ITA2020_115108|culex_pipiens|IT|2020	A.0.0
OP734250|NA|culex_pipiens|IT|2022-07-29	A.0.0
OR921103|2023TE1683411|culex_pipiens|IT|2023-08-11	A.0.0
PP104384|TE2518112|culex_pipiens|IT|2023-09-22	A.0.0
NA|18TV1221|turdus_merula|NL|2018-10-13	B
MN122151|AS201600057|turdus_merula|NL|2016-09-08	B
MN122178|AS201600265|turdus_merula|NL|2016-09-30	B
KY263625|NA|turdus_merula|BE|2016-10	B
KY426765|NA|turdus_merula|DE|2016-09-30	B
MN122157|AS201600101|turdus_merula|NL|2016-09-22	B
MN122212|AS201700189|turdus_merula|NL|2017-09-14	B
NA|AS20221851|turdus_merula|NL|2022-09-03	B
NA|21TV5071|turdus_merula|NL|2022-07-29	B
KY426757|NA|turdus_merula|DE|2016-09-23	B
KY426754|NA|turdus_merula|DE|2015-09-09	B
MN122232|AS201800101|turdus_merula|NL|2018-08-07	B
MN122231|AS201800100|turdus_merula|NL|2018-08-07	B
MN122182|AS201600280|turdus_merula|NL|2016-09-26	B
NA|AS20221660|turdus_merula|NL|2022-08-08	B
ON755217|Turdusmerula15_feather_WLC_Day0|turdus_merula|NL|2016	B
KM659877|NA|turdus_merula|DE|2014-09-11	B
KY426764|NA|turdus_merula|DE|2016-10-04	B
NA|AS20221780|turdus_merula|NL|2022-08-26	B
MN122160|AS201600110|turdus_merula|NL|2016-09-22	B
OP007489|WBVR_bird-X-2016|strix_nebulosa|NL|2016-09-09	B
KY426761|NA|turdus_merula|DE|2016-09-04	B
MN122248|AS201800128|turdus_merula|NL|2018-08-22	B
MN122210|AS201700177|turdus_merula|NL|2017-09-15	B
NA|18TV1196|turdidae_sp|NL|2018-09-16	B
MN122167|AS201600136|turdus_merula|NL|2016-09-23	B
MN122250|AS201800150|turdus_merula|NL|2018-08-30	B
NA|AS201600067|strix_nebulosa|NL|2016-09-09	B
NA|AS201600269|strix_nebulosa|NL|2016-09-25	B
MN122223|AS201800090|turdus_merula|NL|2018-08-02	B
MN122149|AS201600048|turdus_merula|NL|2016-09-07	B
MN122233|AS201800102|turdus_merula|NL|2018-08-09	B
NA|AS201700148|strix_nebulosa|NL|2017-07-31	B
NA|AS201800175|turdus_merula|NL|2018-08-22	B
NA|AS201700142|strix_nebulosa|NL|2017-08-09	B
MN122146|AS201600036|turdus_merula|NL|2016-09-06	B
MN122200|AS201700118|turdus_merula|NL|2017-08-03	B
NA|AS201600289_BEC009|strix_nebulosa|NL|2016	B
MN122225|AS201800092|turdus_merula|NL|2018-08-02	B
NA|AS20200561|turdus_merula|NL|2020-09-27	B
NA|AS201700173|strix_nebulosa|NL|2017-08-25	B
MN122252|AS201800152|turdus_merula|NL|2018-08-30	B
MN122195|AS201700096|turdus_merula|NL|2017-07-14	B
NA|AS20210829|turdus_merula|NL|2021-09-19	B
NA|AS201600073|bubo_scandiacus|NL|2016-09-01	B
NA|AS20190450|turdus_merula|NL|2019-09-03	B
MK230891|Seraing/2017|turdus_merula|BE|2017-08	B
NA|AS20190715|NA|NL|2019-10-07	B
ON755222|Turdusmerula13_feather_3W2L_Day43|turdus_merula|NL|2016	B
MN122253|AS201800154|turdus_merula|NL|2018-08-31	B
MN122246|AS201800126|turdus_merula|NL|2018-08-22	B
MN122244|AS201800123|turdus_merula|NL|2018-08-21	B
NA|16TV1045|turdus_merula|NL|2017-08-02	B
ON755214|Turdusmerula12_feather_2W1L_Day0|turdus_merula|NL|2016	B
MN122245|AS201800125|turdus_merula|NL|2018-08-22	B
MN122220|AS201800087|turdus_merula|NL|2018-08-01	B
MN122186|AS201600286|turdus_merula|NL|2016-09-28	B
MN122201|AS201700121|turdus_merula|NL|2017-08-01	B
OP921077|16TV1039_Ixodesfrontalis|ixodes_frontalis|NL|2016-10-07	B
PQ041659|USUV_TM_Netherlands_2016|NA|NL|2020	B
MN122230|AS201800099|turdus_merula|NL|2018-08-07	B
MN122214|AS201700254|turdus_merula|NL|2017-09-22	B
MN122204|AS201700130|turdus_merula|NL|2017-08-16	B
MN122183|AS201600281|turdus_merula|NL|2016-09-25	B
MN122234|AS201800103|turdus_merula|NL|2018-08-10	B
MN122180|AS201600274|turdus_merula|NL|2016-09-27	B
MN122194|AS201700090|turdus_merula|NL|2017-07-13	B
NA|18TV1517|turdus_merula|NL|2018-10-11	B
MN122237|AS201800114|turdus_merula|NL|2018-08-15	B
MN122218|AS201800084|turdus_merula|NL|2018-07-31	B
MN122217|AS201800082|turdus_merula|NL|2018-07-27	B
MN122216|AS201800081|turdus_merula|NL|2018-07-27	B
MN122184|AS201600283|turdus_merula|NL|2016-09-27	B
MN122251|AS201800151|turdus_merula|NL|2018-08-30	B
MN122161|AS201600115|turdus_merula|NL|2016-09-22	B
NA|AS20221828|turdus_merula|NL|2022-08-26	B
MN122193|AS201700087|turdus_merula|NL|2017-07-11	B
MN122147|AS201600042|turdus_merula|NL|2016-09-07	B
MN122247|AS201800127|turdus_merula|NL|2018-08-22	B
MN122228|AS201800095|turdus_merula|NL|2018-08-06	B
NA|AS20222401|turdus_merula|NL|2022-11-10	B
MN122159|AS201600107|turdus_merula|NL|2016-09-22	B
MN122168|AS201600148|turdus_merula|NL|2016-09-23	B
MN122191|AS201700084|turdus_merula|NL|2017-07-05	B
OP921078|18TV0973_Turdusphilomelos|turdidae_sp|NL|2018-08-18	B
MN122199|AS201700112|turdus_merula|NL|2017-07-27	B
MN122209|AS201700174|turdus_merula|NL|2017-08-29	B
MN122242|AS201800121|turdus_merula|NL|2018-08-17	B
MN122241|AS201800120|turdus_merula|NL|2018-08-17	B
MN122150|AS201600051|turdus_merula|NL|2016-09-07	B
MN122208|AS201700170|turdus_merula|NL|2017-08-25	B
MN122239|AS201800116|turdus_merula|NL|2018-08-16	B
ON755210|Turdusmerula17_feather_WLC_Day43|turdus_merula|NL|2016	B
NA|AS20190494|turdus_merula|NL|2019-08-28	B
NA|19TV0329|turdus_merula|NL|2019-04-12	B
NA|AS20221923|turdus_merula|NL|2022-09-04	B
NA|AS20221952|streptopelia_decaocto|NL|2022-09-27	B
ON755209|Turdusmerula14_feather_WLC_Day43|turdus_merula|NL|2016	B
MN122169|AS201600173|turdus_merula|NL|2016-10-07	B
MN122206|AS201700155|turdus_merula|NL|2017-08-10	B
NA|AS20221842|turdus_merula|NL|2022-09-04	B
NA|AS20200367|turdus_merula|NL|2020-08-16	B
NA|17TV1510|turdus_merula|NL|2018-10-06	B
MN122226|AS201800093|turdus_merula|NL|2018-08-03	B
MN122255|AS201800156|turdus_merula|NL|2018-08-31	B
MN122221|AS201800088|turdus_merula|NL|2018-08-01	B
MN122256|AS201800157|turdus_merula|NL|2018-09-04	B
MN122202|AS201700124|turdus_merula|NL|2017-08-01	B
NA|18TV0252|turdus_merula|NL|2018-10-31	B
NA|18TV0475|turdus_merula|NL|2018-08-18	B
NA|AS20190490|turdus_merula|NL|2019-08-27	B
MN122254|AS201800155|turdus_merula|NL|2018-08-31	B
MN122240|AS201800118|turdus_merula|NL|2018-08-16	B
NA|AS20190438|gracula_religiosa|NL|2019-09-12	B
MT795154|NA|turdus_merula|DE|2016-09-30	B
MN122185|AS201600284|turdus_merula|NL|2016-10-03	B
MN122249|AS201800129|turdus_merula|NL|2018-08-23	B
MN122227|AS201800094|turdus_merula|NL|2018-08-03	B
MN122207|AS201700167|turdus_merula|NL|2017-09-01	B
NA|AS20221942|turdus_merula|NL|2022-09-20	B
NA|22B00749|turdidae_sp|NL|2022-09-21	B
MW001216|NA|turdus_merula|UK|2020-07	B.1
OM202464|Greater_London_2021|turdus_merula|UK|2021-09	B.1
NA|Blackbird_London_2022_a|turdus_merula|UK|2022-09	B.1
NA|Blackbird_Cambridgeshire_2023_a|turdus_merula|UK|2023-08	B.1
NA|Blackbird_London_2022_b|turdus_merula|UK|2022-09	B.1
NA|AS20190643|passer_domesticus|NL|2019-09-18	B
NA|AS20200605|turdus_merula|NL|2020-08-22	B
NA|AS20221974|turdus_merula|NL|2022-09-20	B.0
MN122197|AS201700106|turdus_merula|NL|2017-07-25	B
MN122222|AS201800089|turdus_merula|NL|2018-08-02	B
NA|AS201700198|strix_nebulosa|NL|2017-09-05	B
MN122173|AS201600227|turdus_merula|NL|2016-09-30	B
NA|AS20221789|turdus_merula|NL|2022-08-24	B
NA|AS20221833|turdus_merula|NL|2022-08-28	B
MN122236|AS201800113|turdus_merula|NL|2018-08-14	B
MN122175|AS201600244|turdus_merula|NL|2016-09-27	B
MN122224|AS201800091|turdus_merula|NL|2018-08-02	B
MN122163|AS201600121|turdus_merula|NL|2016-09-22	B
NA|AS20221875|turdus_merula|NL|2022-09-11	B.0
NA|AS20221880|turdus_merula|NL|2022-09-12	B.0
NA|22TV3780|turdus_merula|NL|2022-09-11	B.0
NA|AS20221928|turdus_merula|NL|2022-09-25	B.0
NA|AS20221994|passer_domesticus|NL|2022-09-19	B.0
NA|AS20221818|turdus_merula|NL|2022-08-31	B.0
NA|AS20221889|turdus_merula|NL|2022-09-18	B.0
NA|22TV2828|turdus_merula|NL|2022-09-03	B.0
NA|AS20221637|turdus_merula|NL|2022-08-04	B.0
NA|AS20221913|turdus_merula|NL|2022-09-11	B.0
NA|AS20221884|turdus_merula|NL|2022-09-14	B.0
NA|AS20221775|turdus_merula|NL|2022-08-28	B.0
NA|AS20221846|turdus_merula|NL|2022-09-03	B.0
NA|AS20221755|strix_nebulosa|NL|2022-07-21	B.0
NA|22TV3658|turdus_merula|NL|2022-08-27	B.0
NA|AS20200689|turdus_merula|NL|2020-09-30	B.0
NA|AS20221760|turdus_merula|NL|2022-08-24	B.0
NA|AS20221838|turdus_merula|NL|2022-08-22	B.0
NA|AS20210914|turdus_merula|NL|2021-08-30	B.0
NA|AS20221803|turdus_merula|NL|2022-09-02	B.0
NA|AS20221627|turdus_merula|NL|2022-07-28	B.0
NA|22B00207|turdus_merula|NL|2022-11-12	B.0
NA|AS20221918|cyanistes_caeruleus|NL|2022-09-15	B.0
NA|AS20221964|columba_palumbus|NL|2022-09-26	B.0
NA|AS20221860|turdus_merula|NL|2022-09-14	B.0
MT863562|HauteVienne4997/France/2018|turdus_merula|FR|2018-07-24	C
ON755221|Turdusmerula20_feather_WLC_Day0|turdus_merula|NL|2016	C
OU674388|NA|NA|LU|2020-09	C
MK419834|USU-BE-Scoter/2018|melanitta_nigra|BE|2018-08	C
KY294723|S-1238|turdus_merula|DE|2016	C
MN122238|AS201800115|turdus_merula|NL|2018-08-15	C
KY294722|S-1232|turdus_merula|DE|2016	C
KY199557|NA|turdus_merula|DE|2016	C
ON813227|SN2005_ArD_171185|culex_neavei|SN|2005	D
KU760915|NA|NA|ES|2010	D
MH727241|ROD_259524|mastomys_natalensis|SN|2013-10-24	D
MH727239|ROD_259496|mastomys_natalensis|SN|2013-10-23	D
MH727242|ROD_259552|rattus_rattus|SN|2013-10-24	D
MH727238|ROD_259466|mastomys_natalensis|SN|2013-10-23	D
MH727240|CROC_259520|soricidae_sp|SN|2013-10-23	D
MG461312|USUV_355m_Israel04_USUTU_|culex_perexiguus|IL|2004-09-27	E
MN813491|UG09615|culex_univittatus|UG|2012	E
MG461309|USUV_100m_Israel04_USUTU_|culex_pipiens|IL|2004-07-14	E
MG461311|USUV_341m_Israel04_USUTU_|culex_pipiens|IL|2004-09-23	E
ON813222|SN2016_288158|culex_neavei|SN|2016	E
KC754957|ArD192495|culex_neavei|SN|2007	E
ON813225|SN2013_260237|culex_neavei|SN|2013	E
ON813224|SN2016_286099|culex_poicilipes|SN|2016	E
MG461308|USUV_593m_Israel15_USUTU_|aedes_albopictus|IL|2015-09-21	E.0
MG461306|USUV_269m_Israel15_USUTU_|culex_perexiguus|IL|2015-06-30	E.0
MG461307|USUV_569m_Israel15_USUTU_|culex_pipiens|IL|2015-09-08	E.0
MG461313|USUV_550m_Israel15_USUTU_|culex_perexiguus|IL|2015-09-08	E.0
KF573410|NA|culex_pipiens|ES|2006-08-22	F
KX601692|USUV-Rhone2705/France/2015|turdus_merula|FR|2015-09-23	F
KY199556|NA|strix_nebulosa|DE|2016	F
KU664608|Usutu_Berlin|strix_nebulosa|DE|2015-08-21	F
KY426758|NA|turdus_merula|DE|2016-09-25	F
