cluster,label
A,KX268472|HU10279_09|culex_perexiguus|ES|2009
A,MN813489|HU10279-09|culex_perexiguus|ES|2009
B,KF573410|NA|culex_pipiens|ES|2006-08-22
B,KY426758|NA|turdus_merula|DE|2016-09-25
B,KU664608|Usutu_Berlin|strix_nebulosa|DE|2015-08-21
B,KY199556|NA|strix_nebulosa|DE|2016
B,KX601692|USUV-Rhone2705/France/2015|turdus_merula|FR|2015-09-23
C,PQ041659|USUV_TM_Netherlands_2016|NA|NL|2020
C,MN122148|AS201600045|turdus_merula|NL|2016-09-07
C,MT188658|NA|turdus_merula|NL|2016
C,MH891847|AS201600045|turdus_merula|NL|2016-09-07
C,MN813490|TMNetherlands|turdus_merula|NL|2016
C,NA|AS20190490|turdus_merula|NL|2019-08-27
C,NA|18TV0475|turdus_merula|NL|2018-08-18
C,NA|AS20190438|gracula_religiosa|NL|2019-09-12
C,MN122185|AS201600284|turdus_merula|NL|2016-10-03
C,MN122236|AS201800113|turdus_merula|NL|2018-08-14
C,MN122175|AS201600244|turdus_merula|NL|2016-09-27
C,MN122224|AS201800091|turdus_merula|NL|2018-08-02
C,MN122227|AS201800094|turdus_merula|NL|2018-08-03
C,MN122207|AS201700167|turdus_merula|NL|2017-09-01
C,MN122164|AS201600124|turdus_merula|NL|2016-09-23
C,MN122162|AS201600118|turdus_merula|NL|2016-09-22
C,MN122249|AS201800129|turdus_merula|NL|2018-08-23
C,MN122163|AS201600121|turdus_merula|NL|2016-09-22
C,MN122187|AS201600287|turdus_merula|NL|2016-09-27
C,MN122211|AS201700186|turdus_merula|NL|2017-09-13
C,MT795154|NA|turdus_merula|DE|2016-09-30
C,MN122254|AS201800155|turdus_merula|NL|2018-08-31
C,MN122240|AS201800118|turdus_merula|NL|2018-08-16
C,MN122156|AS201600098|turdus_merula|NL|2016-09-21
C,MN122145|AS201600034|turdus_merula|NL|2016-09-01
C,MN122230|AS201800099|turdus_merula|NL|2018-08-07
C,MN122214|AS201700254|turdus_merula|NL|2017-09-22
C,NA|AS20221923|turdus_merula|NL|2022-09-04
C,NA|AS20221952|streptopelia_decaocto|NL|2022-09-27
C,PV235996|USUV/NL/2022/CMV3394|culex_sp|NL|2022-07-26
C,OP921076|16TV1039_Turdusmerula|turdus_merula|NL|2016-10-07
C,OP921077|16TV1039_Ixodesfrontalis|ixodes_frontalis|NL|2016-10-07
C,MN122186|AS201600286|turdus_merula|NL|2016-09-28
C,MN122201|AS201700121|turdus_merula|NL|2017-08-01
C,MN122169|AS201600173|turdus_merula|NL|2016-10-07
C,MN122206|AS201700155|turdus_merula|NL|2017-08-10
C,NA|AS20221670|turdus_merula|NL|2022-07-24
C,NA|AS20221964|columba_palumbus|NL|2022-09-26
C,NA|AS20221860|turdus_merula|NL|2022-09-14
C,NA|AS20221760|turdus_merula|NL|2022-08-24
C,NA|22B00207|turdus_merula|NL|2022-11-12
C,NA|21TV8157|turdus_merula|NL|2022-10-02
C,PV235995|USUV/NL/2022/CMV3308|culex_sp|NL|2022-07-13
C,NA|AS20221918|cyanistes_caeruleus|NL|2022-09-15
C,NA|AS20221803|turdus_merula|NL|2022-09-02
C,NA|AS20200689|turdus_merula|NL|2020-09-30
C,NA|AS20210914|turdus_merula|NL|2021-08-30
C,NA|AS20221627|turdus_merula|NL|2022-07-28
C,NA|22TV3632|turdus_merula|NL|2022-10-08
C,NA|22TV3658|turdus_merula|NL|2022-08-27
C,PQ633267|USUV/NL/2022/SCBC7P30|NA|NL|2022-11-18
C,NA|AS20221838|turdus_merula|NL|2022-08-22
C,NA|AS20221637|turdus_merula|NL|2022-08-04
C,NA|AS20221818|turdus_merula|NL|2022-08-31
C,NA|AS20221889|turdus_merula|NL|2022-09-18
C,NA|AS20221617|turdus_merula|NL|2022-08-08
C,NA|AS20221657|turdus_merula|NL|2022-08-04
C,NA|AS20221784|turdus_merula|NL|2022-08-11
C,NA|AS20221775|turdus_merula|NL|2022-08-28
C,NA|AS20221846|turdus_merula|NL|2022-09-03
C,NA|22B00462|turdus_merula|NL|2022-09-09
C,NA|22TV2724|turdidae_sp|NL|2022-08-28
C,NA|AS20221755|strix_nebulosa|NL|2022-07-21
C,NA|22TV2828|turdus_merula|NL|2022-09-03
C,NA|22TV2684|turdus_merula|NL|2022-09-04
C,NA|22B00237|turdus_merula|NL|2022-11-12
C,NA|22TV3602|turdus_merula|NL|2022-10-02
C,NA|AS20221908|turdus_merula|NL|2022-09-12
C,NA|AS20221903|turdus_merula|NL|2022-09-13
C,NA|22B00186|turdus_merula|NL|2022-11-12
C,NA|21TV9171|turdus_merula|NL|2022-09-08
C,NA|AS20221913|turdus_merula|NL|2022-09-11
C,NA|AS20221884|turdus_merula|NL|2022-09-14
C,NA|22TV2538|turdus_merula|NL|2022-08-24
C,NA|AS20221994|passer_domesticus|NL|2022-09-19
C,NA|AS20221999|turdidae_sp|NL|2022-09-22
C,NA|AS20221957|turdus_merula|NL|2022-09-25
C,NA|AS20221898|turdus_merula|NL|2022-09-11
C,NA|22TV3780|turdus_merula|NL|2022-09-11
C,NA|AS20221928|turdus_merula|NL|2022-09-25
C,NA|AS20221979|turdidae_sp|NL|2022-10-03
C,NA|AS20221875|turdus_merula|NL|2022-09-11
C,NA|AS20221880|turdus_merula|NL|2022-09-12
C,NA|22B00483|turdus_merula|NL|2022-09-16
C,NA|AS20221813|turdus_merula|NL|2022-08-24
C,NA|AS20221974|turdus_merula|NL|2022-09-20
C,NA|AS20221958|turdus_merula|NL|2022-09-25
C,NA|AS20221842|turdus_merula|NL|2022-09-04
C,NA|AS20200367|turdus_merula|NL|2020-08-16
C,NA|AS20190643|passer_domesticus|NL|2019-09-18
C,NA|AS20190579|prunella_modularis|NL|2019-09-19
C,NA|AS20200605|turdus_merula|NL|2020-08-22
C,PV235993|USUV/NL/2019/CMV442|culex_sp|NL|2019-08-22
C,NA|AS20221942|turdus_merula|NL|2022-09-20
C,NA|22B00749|turdidae_sp|NL|2022-09-21
C,OM202464|Greater_London_2021|turdus_merula|UK|2021-09
C,NA|Blackbird_London_2022_b|turdus_merula|UK|2022-09
C,MW001216|NA|turdus_merula|UK|2020-07
C,NA|Blackbird_Cambridgeshire_2023_a|turdus_merula|UK|2023-08
C,NA|Blackbird_London_2022_a|turdus_merula|UK|2022-09
C,ON755209|Turdusmerula14_feather_WLC_Day43|turdus_merula|NL|2016
C,ON755216|Turdusmerula14_feather_WLC_Day0|turdus_merula|NL|2016
C,NA|22B04271|turdus_merula|NL|2022-12-03
C,NA|AS201800175|turdus_merula|NL|2018-08-22
C,NA|16TV1045|turdus_merula|NL|2017-08-02
C,ON755214|Turdusmerula12_feather_2W1L_Day0|turdus_merula|NL|2016
C,ON755218|Turdusmerula16_feather_WLC_Day0|turdus_merula|NL|2016
C,ON755219|Turdusmerula18_feather_WLC_Day0|turdus_merula|NL|2016
C,MN122220|AS201800087|turdus_merula|NL|2018-08-01
C,MN122245|AS201800125|turdus_merula|NL|2018-08-22
C,NA|AS201700148|strix_nebulosa|NL|2017-07-31
C,MN122233|AS201800102|turdus_merula|NL|2018-08-09
C,MN122244|AS201800123|turdus_merula|NL|2018-08-21
C,NA|18TV1221|turdus_merula|NL|2018-10-13
C,MN122246|AS201800126|turdus_merula|NL|2018-08-22
C,KY426761|NA|turdus_merula|DE|2016-09-04
C,KM659877|NA|turdus_merula|DE|2014-09-11
C,KY426765|NA|turdus_merula|DE|2016-09-30
C,MN122151|AS201600057|turdus_merula|NL|2016-09-08
C,MN122182|AS201600280|turdus_merula|NL|2016-09-26
C,NA|AS20221660|turdus_merula|NL|2022-08-08
C,ON755217|Turdusmerula15_feather_WLC_Day0|turdus_merula|NL|2016
C,MN122231|AS201800100|turdus_merula|NL|2018-08-07
C,MN122232|AS201800101|turdus_merula|NL|2018-08-07
C,NA|AS201800085|chloris_chloris|NL|2018-07-30
C,MN122219|AS201800086|turdus_merula|NL|2018-08-01
C,MN122228|AS201800095|turdus_merula|NL|2018-08-06
C,MN122247|AS201800127|turdus_merula|NL|2018-08-22
C,NA|AS20222401|turdus_merula|NL|2022-11-10
C,MN122153|AS201600062|turdus_merula|NL|2016-09-13
C,MN122193|AS201700087|turdus_merula|NL|2017-07-11
C,NA|AS201600064|strix_nebulosa|NL|2016-08-13
C,KY128482|Snebulosa-6004/NL/2016|strix_nebulosa|NL|2016-09
C,NA|AS201600073|bubo_scandiacus|NL|2016-09-01
C,MN122251|AS201800151|turdus_merula|NL|2018-08-30
C,MN122184|AS201600283|turdus_merula|NL|2016-09-27
C,NA|AS20190450|turdus_merula|NL|2019-09-03
C,MN122161|AS201600115|turdus_merula|NL|2016-09-22
C,NA|AS20221828|turdus_merula|NL|2022-08-26
C,NA|AS201600082|strix_nebulosa|NL|2016-09-20
C,MN122195|AS201700096|turdus_merula|NL|2017-07-14
C,NA|AS20210829|turdus_merula|NL|2021-09-19
C,MN122147|AS201600042|turdus_merula|NL|2016-09-07
C,NA|AS201700173|strix_nebulosa|NL|2017-08-25
C,MN122252|AS201800152|turdus_merula|NL|2018-08-30
C,MN122149|AS201600048|turdus_merula|NL|2016-09-07
C,NA|AS201700198|strix_nebulosa|NL|2017-09-05
C,MN122173|AS201600227|turdus_merula|NL|2016-09-30
C,NA|17TV1510|turdus_merula|NL|2018-10-06
C,MN122197|AS201700106|turdus_merula|NL|2017-07-25
C,MN122222|AS201800089|turdus_merula|NL|2018-08-02
C,MN122205|AS201700152|turdus_merula|NL|2017-07-19
C,NA|AS201800080|strix_nebulosa|NL|2018-07-24
C,NA|AS20200561|turdus_merula|NL|2020-09-27
C,MN122226|AS201800093|turdus_merula|NL|2018-08-03
C,OP921082|16TV1131_Ixodesricinus_8|ixodes_ricinus|NL|2016-10-16
C,OP921081|16TV1131_Ixodesricinus_6|ixodes_ricinus|NL|2016-10-16
C,OP921083|16TV1131_Turdusmerula|turdus_merula|NL|2016-10-16
C,OP921080|16TV1131_Ixodesricinus_5|ixodes_ricinus|NL|2016-10-16
C,MN122217|AS201800082|turdus_merula|NL|2018-07-27
C,MN122223|AS201800090|turdus_merula|NL|2018-08-02
C,MN122225|AS201800092|turdus_merula|NL|2018-08-02
C,NA|18TV0825|turdus_merula|NL|2018-08-18
C,NA|17TV1199|turdus_merula|NL|2017-07-21
C,MN122216|AS201800081|turdus_merula|NL|2018-07-27
C,MN122160|AS201600110|turdus_merula|NL|2016-09-22
C,NA|AS20190494|turdus_merula|NL|2019-08-28
C,ON755220|Turdusmerula19_feather_WLC_Day0|turdus_merula|NL|2016
C,ON755211|Turdusmerula19_feather_WLC_Day43|turdus_merula|NL|2016
C,ON755210|Turdusmerula17_feather_WLC_Day43|turdus_merula|NL|2016
C,NA|19TV0329|turdus_merula|NL|2019-04-12
C,NA|19TV0102|passer_domesticus|NL|2019-04-24
C,MN122256|AS201800157|turdus_merula|NL|2018-09-04
C,MN122241|AS201800120|turdus_merula|NL|2018-08-17
C,MN122221|AS201800088|turdus_merula|NL|2018-08-01
C,NA|18TV0252|turdus_merula|NL|2018-10-31
C,MN122202|AS201700124|turdus_merula|NL|2017-08-01
C,MN122239|AS201800116|turdus_merula|NL|2018-08-16
C,MN122165|AS201600127|turdus_merula|NL|2016-09-23
C,MN122208|AS201700170|turdus_merula|NL|2017-08-25
C,MN122150|AS201600051|turdus_merula|NL|2016-09-07
C,MN122199|AS201700112|turdus_merula|NL|2017-07-27
C,MN122209|AS201700174|turdus_merula|NL|2017-08-29
C,MN122242|AS201800121|turdus_merula|NL|2018-08-17
C,MN122253|AS201800154|turdus_merula|NL|2018-08-31
C,NA|AS20190715|copsychus_malabaricus|NL|2019-10-07
C,NA|AS20190716|copsychus_malabaricus|NL|2019-10-07
C,MK230891|Seraing/2017|turdus_merula|BE|2017-08
C,MN122159|AS201600107|turdus_merula|NL|2016-09-22
C,MN122191|AS201700084|turdus_merula|NL|2017-07-05
C,MN122255|AS201800156|turdus_merula|NL|2018-08-31
C,NA|AS20221789|turdus_merula|NL|2022-08-24
C,NA|22TV2594|cyanistes_caeruleus|NL|2022-08-24
C,NA|AS20221833|turdus_merula|NL|2022-08-28
C,OP921078|18TV0973_Turdusphilomelos|turdidae_sp|NL|2018-08-18
C,OP921079|18TV0973_Ixodida|NA|NL|2018-08-18
C,MN122168|AS201600148|turdus_merula|NL|2016-09-23
C,ON755215|Turdusmerula13_feather_3W1L_Day0|turdus_merula|NL|2016
C,ON755213|Turdusmerula11_feather_1W1L_Day0|turdus_merula|NL|2016
C,ON755222|Turdusmerula13_feather_3W2L_Day43|turdus_merula|NL|2016
C,OP007489|WBVR_bird-X-2016|strix_nebulosa|NL|2016-09-09
C,NA|AS201600067|strix_nebulosa|NL|2016-09-09
C,NA|AS201600269|strix_nebulosa|NL|2016-09-25
C,NA|AS201800117|strix_nebulosa|NL|2018-08-16
C,NA|18TV1517|turdus_merula|NL|2018-10-11
C,MN122243|AS201800122|turdus_merula|NL|2018-08-21
C,MN122218|AS201800084|turdus_merula|NL|2018-07-31
C,MN122155|AS201600095|turdus_merula|NL|2016-09-21
C,MN122180|AS201600274|turdus_merula|NL|2016-09-27
C,MN122234|AS201800103|turdus_merula|NL|2018-08-10
C,MN122194|AS201700090|turdus_merula|NL|2017-07-13
C,MN122237|AS201800114|turdus_merula|NL|2018-08-15
C,PV235994|USUV/NL/2021/CMV2045|culex_sp|NL|2021-07-26
C,NA|AS201600289_BEC009|strix_nebulosa|NL|2016
C,MN122183|AS201600281|turdus_merula|NL|2016-09-25
C,MN122204|AS201700130|turdus_merula|NL|2017-08-16
C,MN122200|AS201700118|turdus_merula|NL|2017-08-03
C,KY426754|NA|turdus_merula|DE|2015-09-09
C,KY426764|NA|turdus_merula|DE|2016-10-04
C,MN122146|AS201600036|turdus_merula|NL|2016-09-06
C,NA|AS201700142|strix_nebulosa|NL|2017-08-09
C,MN122248|AS201800128|turdus_merula|NL|2018-08-22
C,KY426757|NA|turdus_merula|DE|2016-09-23
C,MN122167|AS201600136|turdus_merula|NL|2016-09-23
C,NA|18TV1196|turdidae_sp|NL|2018-09-16
C,MN122210|AS201700177|turdus_merula|NL|2017-09-15
C,MN122250|AS201800150|turdus_merula|NL|2018-08-30
C,NA|AS20221780|turdus_merula|NL|2022-08-26
C,MN122157|AS201600101|turdus_merula|NL|2016-09-22
C,MN122212|AS201700189|turdus_merula|NL|2017-09-14
C,NA|AS20221851|turdus_merula|NL|2022-09-03
C,NA|21TV5071|turdus_merula|NL|2022-07-29
C,MN122178|AS201600265|turdus_merula|NL|2016-09-30
C,KY263625|NA|turdus_merula|BE|2016-10
D,PP482816|Cx1-batch2_Zen-Pets-Res_2023-08-03|culex_pipiens|FR|2023-08-03
D,PP482815|AeDet2-batch3_Nansouty_2023-08-18|culex_sp|FR|2023-08-18
D,MT863562|HauteVienne4997/France/2018|turdus_merula|FR|2018-07-24
D,PQ677887|Ar2|alectoris_rufa|PT|2023-11-05
D,ON755212|Turdusmerula20_feather_WLC_Day43|turdus_merula|NL|2016
D,ON755221|Turdusmerula20_feather_WLC_Day0|turdus_merula|NL|2016
D,KY294723|S-1238|turdus_merula|DE|2016
D,KY294722|S-1232|turdus_merula|DE|2016
D,KY199557|NA|turdus_merula|DE|2016
D,MN122238|AS201800115|turdus_merula|NL|2018-08-15
D,MK419834|USU-BE-Scoter/2018|melanitta_nigra|BE|2018-08
D,OU674388|NA|turdus_merula|LU|2020-09
E,KX816653|206795-3/2012|culex_pipiens|IT|2012-09
E,KU573073|229615-1/2013|culex_pipiens|IT|2013
E,KX816646|200092/2010|turdus_merula|IT|2010-08
E,KX555629|NA|turdus_merula|IT|2015
F,KY426760|NA|turdus_merula|DE|2016-09-29
F,KY128481|Snebulosa-7890/Fra/2016|strix_nebulosa|FR|2016-09-22
F,KJ438780|NA|turdus_merula|DE|2011-09-14
F,KJ438781|NA|turdus_merula|DE|2011-09-26
G,KX977447|NA|turdus_merula|BE|2016-09
G,KY263626|NA|turdus_merula|BE|2016-09
G,MN122192|AS201700086|turdus_merula|NL|2017-07-11
G,MN122174|AS201600241|turdus_merula|NL|2016-09-27
G,MN122188|AS201700024|turdus_merula|NL|2017-04-11
G,MN122189|AS201700077|turdus_merula|NL|2017-07-03
G,KY426756|NA|turdus_merula|DE|2016-09-23
G,MN122152|AS201600060|turdus_merula|NL|2016-09-12
G,MN122196|AS201700103|turdus_merula|NL|2017-07-19
G,MN122203|AS201700127|turdus_merula|NL|2017-07-30
G,MN122158|AS201600104|turdus_merula|NL|2016-09-22
G,OP555958|NA|turdus_merula|BE|2017-08-07
G,MK230890|Villers/2017|turdus_merula|BE|2017-08
G,NA|17TV1446|turdus_merula|NL|2017-09-07
G,NA|18TV0937|turdus_merula|NL|2018-09-10
G,MN122235|AS201800112|turdus_merula|NL|2018-08-14
G,MN122177|AS201600253|turdus_merula|NL|2016-09-27
G,KY426755|NA|turdus_merula|DE|2016-09-19
G,MN122215|AS201800038|turdus_merula|NL|2017-09-11
G,KJ438764|NA|turdus_merula|DE|2012-07-17
G,KJ438728|NA|turdus_merula|DE|2011-09-26
G,KJ438766|NA|turdus_merula|DE|2012-09-19
G,KJ438729|NA|turdus_merula|DE|2012-07-18
G,KX601691|USUV-HautRhin7316/France/2015|turdus_merula|FR|2015-08-05
G,KY501101|NA|homo_sapiens|DE|2016-09-26
G,KJ438742|NA|turdus_merula|DE|2013-09-23
G,KJ438705|NA|culex_pipiens|DE|2010-07-14
G,KJ438744|NA|turdus_merula|DE|2012-06-23
G,KJ438749|NA|turdus_merula|DE|2012-07-18
G,MN122198|AS201700109|turdus_merula|NL|2017-07-25
G,OP555957|NA|turdus_merula|BE|2017-07-24
G,KY263624|NA|turdus_merula|BE|2016-10
G,NA|20TV2299|turdus_merula|NL|2020-08-29
G,MT580899|NA|strix_nebulosa|DE|2018
G,MN122229|AS201800097|turdus_merula|NL|2018-08-03
G,KJ438754|NA|turdus_merula|DE|2012-09-18
G,KJ438737|NA|culex_sp|DE|2011-08-21
G,KY426759|NA|turdus_merula|DE|2016-09-12
G,KJ438763|NA|turdus_merula|DE|2012-07-17
G,KJ438738|NA|turdus_merula|DE|2011-09-16
G,KY426767|NA|turdus_merula|DE|2016-10-14
G,KY426768|NA|turdus_merula|DE|2016-10-12
G,KJ438733|NA|turdus_merula|DE|2012-09-13
G,KJ438713|NA|turdus_merula|DE|2011-08-30
G,KY426766|NA|turdus_merula|DE|2016-10-11
G,KJ438730|NA|turdus_merula|DE|2011-09-14
G,KJ438761|NA|turdus_merula|DE|2011-09-15
G,KJ438762|NA|turdus_merula|DE|2011-09-18
G,KY426753|NA|turdus_merula|DE|2015-08-18
G,KJ438746|NA|turdus_merula|DE|2011-09-27
G,KJ438708|NA|culex_pipiens|DE|2011-08-08
G,KJ438734|NA|sturnus_vulgaris|DE|2011-09-29
G,KJ438741|NA|turdus_merula|DE|2013-08-26
G,KJ438750|NA|turdus_merula|DE|2011-09-14
G,KJ438751|NA|turdus_merula|DE|2011-09-15
G,KJ438715|NA|passer_domesticus|DE|2011-09-19
G,MK230892|Richelle/2017|turdus_merula|BE|2017-08
G,KJ438747|NA|turdus_merula|DE|2012-07-17
G,KJ438740|NA|turdus_merula|DE|2011-09-16
G,MN122154|AS201600089|turdus_merula|NL|2016-09-20
G,MN122176|AS201600247|turdus_merula|NL|2016-09-30
G,MN122170|AS201600197|turdus_merula|NL|2016-10-11
G,MN122171|AS201600203|turdus_merula|NL|2016-10-05
G,KJ438731|NA|turdus_merula|DE|2011-09-15
G,KJ859683|BAT2USUTU-BNI|pipistrellus_pipistrellus|DE|2013-10-05
G,KJ859682|BAT1USUTU-BNI|pipistrellus_pipistrellus|DE|2013-09-21
G,KJ438765|NA|turdus_merula|DE|2011-09-15
G,MN122172|AS201600221|turdus_merula|NL|2016-09-22
G,MN122179|AS201600268|turdus_merula|NL|2016-09-30
G,MN122181|AS201600277|turdus_merula|NL|2016-09-27
G,MK796169|AS201600083|strix_nebulosa|NL|2016-09-20
G,KJ438739|NA|turdus_merula|DE|2013-09-10
G,KJ438756|NA|turdus_merula|DE|2011-09-26
G,KJ438732|NA|turdus_merula|DE|2011-09-15
G,KJ438758|NA|turdus_merula|DE|2013-08-13
G,KX601690|USUV-HautRhin7315/France/2015|turdus_merula|FR|2015-08-10
G,KJ438757|NA|turdus_merula|DE|2013-08-26
G,KJ438752|NA|turdus_merula|DE|2011-09-15
G,KJ438736|NA|culex_sp|DE|2012-09-01
G,KJ438748|NA|turdus_merula|DE|2012-07-23
G,KY426752|NA|turdus_merula|DE|2015-08-18
G,KJ438720|NA|turdus_merula|DE|2011-09-29
G,KJ438723|NA|turdus_merula|DE|2011-09-11
G,KJ438724|NA|turdus_merula|DE|2011-09-19
G,KJ438725|NA|turdus_merula|DE|2011-09-14
G,KJ438726|NA|turdus_merula|DE|2011-09-15
G,KJ438727|NA|turdus_merula|DE|2011-09-21
G,KJ438707|NA|culex_pipiens|DE|2011-07-07
G,KJ438718|NA|culex_sp|DE|2011-06-11
G,KJ438711|NA|turdus_merula|DE|2011-09-15
G,HE599647|BH65/11-02-03|turdus_merula|DE|2011-09-10
G,KJ438716|NA|culex_pipiens|DE|2012-07-09
G,KJ438717|NA|turdus_merula|DE|2012-08-23
G,KJ438709|NA|culex_pipiens|DE|2012-08-15
G,KJ438721|NA|culex_sp|DE|2011-08-08
G,KJ438710|NA|turdus_merula|DE|2011-09-11
G,KJ438712|NA|turdus_merula|DE|2011-09-19
G,KJ438755|NA|turdidae_sp|DE|2011-09-15
G,KJ438714|NA|turdus_merula|DE|2011-09-15
G,KJ438719|NA|turdus_merula|DE|2011-09-02
G,KJ438735|NA|turdus_merula|DE|2012-07-24
G,KJ438706|NA|culex_pipiens|DE|2011-07-05
G,KY426750|NA|turdus_merula|DE|2015-10-07
G,KJ438722|NA|turdus_merula|DE|2012-08-23
G,KJ438759|NA|turdus_merula|DE|2011-09-28
G,KJ438753|NA|turdus_merula|DE|2011-09-16
G,KJ438745|NA|turdus_merula|DE|2011-09-16
G,KJ438743|NA|turdus_merula|DE|2011-09-13
G,KJ438760|NA|turdus_merula|DE|2011-09-16
H,OR573992|AS201700144|branta_ruficollis|NL|2017-08-15
H,NA|AS201700144|branta_ruficollis|NL|2017-08-14
H,OR573993|AS201700147|branta_ruficollis|NL|2017-08-15
H,NA|AS201700147|branta_ruficollis|NL|2017-08-14
H,MN122166|AS201600133|turdus_merula|NL|2016-09-23
H,NA|AS20190530|turdus_merula|NL|2019-08-19
H,NA|AS20221798|turdus_merula|NL|2022-08-30
H,MK796168|AS201600070|strix_nebulosa|NL|2016-09-13
H,MN122190|AS201700080|turdus_merula|NL|2017-07-05
H,MN122213|AS201700248|turdus_merula|NL|2017-09-20
H,KY315178|Gracula_religiosa/U1609393/Belgium/2016|gracula_religiosa|BE|2016-10-03
H,MT133690|UV/BlackBird/Sweden/SVA190801SZ0368/VLT001567/2019|turdus_merula|SE|2019-08-01
H,MK230893|Grivegnee/2017|turdus_merula|BE|2017-08
H,KJ438768|NA|culex_sp|DE|2013-08-22
H,KJ438775|NA|turdus_merula|DE|2011-09-16
H,KJ438773|NA|turdus_merula|DE|2011-09-29
H,KY199558|NA|turdus_merula|DE|2016
H,OP555956|NA|strix_nebulosa|BE|2017-07-10
H,KJ438772|NA|turdus_merula|DE|2011-09-18
H,KJ438778|NA|turdus_merula|DE|2011-09-19
H,KJ438767|NA|culex_sp|DE|2011-09-08
H,KY426770|NA|turdus_merula|DE|2016-09-20
H,KY426769|NA|turdus_merula|DE|2016-09-20
H,KY426762|NA|turdus_merula|DE|2016-09-26
H,KY426763|NA|turdus_merula|DE|2016-09-24
H,KJ438769|NA|turdus_merula|DE|2011-09-15
H,KJ438779|NA|turdus_merula|DE|2012-07-12
H,KJ438774|NA|turdus_merula|DE|2012-09-04
H,KJ438776|NA|turdus_merula|DE|2011-09-14
H,KJ438777|NA|turdus_merula|DE|2011-09-14
H,KJ438771|NA|turdus_merula|DE|2013-05-05
H,KJ438770|NA|turdus_merula|DE|2011-09-15
H,KY426751|NA|turdus_pilaris|DE|2015-09-01
I,NA|20VIR5077|turdus_merula|IT|2020-08-21
I,NA|23VIR9300|turdus_merula|IT|2023-10-01
I,NA|23pool2067_23RS1943-143|culex_pipiens|IT|2023-08-24
I,OR921100|2023TE1837011|culex_pipiens|IT|2023-09-08
I,OP734247|NA|culex_pipiens|IT|2022-07-29
I,OR921096|2023TE1822511|turdus_merula|IT|2023-09-07
I,NA|23pool1901_23RS1909-300|culex_pipiens|IT|2023-08-16
I,NA|22VIR7086-3|turdus_merula|IT|2022-07-18
I,NA|23VIR8708|columbidae_sp|IT|2023-09-01
I,OR921101|2023TE1838411|culex_pipiens|IT|2023-09-08
I,OR921106|2023TE1699411|culex_pipiens|IT|2023-08-24
I,PP104389|TE2518712|culex_pipiens|IT|2023-09-22
I,OR757488|1572124|culex_pipiens|IT|2023-07-06
I,PP104385|TE2518212|culex_pipiens|IT|2023-09-22
I,MW164662|13pool5744|culex_pipiens|IT|2013-08-13
I,MW164713|17pool1488|culex_pipiens|IT|2017-08-02
I,MW164735|18pool1163|culex_pipiens|IT|2018-07-17
I,MW164750|18pool1509|culex_pipiens|IT|2018-07-31
I,ON032478|ITA2018_18638|turdus_merula|IT|2018-09-03
I,MW164739|18pool1261|culex_pipiens|IT|2018-07-19
I,MW164726|17pool1923|culex_pipiens|IT|2017-09-11
I,MW164717|17pool1609|culex_pipiens|IT|2017-08-16
I,MT784898|NA|turdus_iliacus|IT|2017
I,MW164683|14pool895|culex_pipiens|IT|2014-07-22
I,MW164687|15pool1419|culex_pipiens|IT|2015-08-05
I,NA|20VIR4951|serinus_canaria|IT|2020-08-19
I,MW164769|18pool948|culex_pipiens|IT|2018-07-06
I,MW164732|18pool108G|culex_pipiens|IT|2018-09-06
I,MW164757|18pool1614|culex_pipiens|IT|2018-08-09
I,MW164681|14pool1703|culex_pipiens|IT|2014-09-23
I,MW164686|15pool1335|culex_pipiens|IT|2015-08-03
I,MW164691|15pool1751|culex_pipiens|IT|2015-09-02
I,MW164694|15VIR4781-31|turdus_iliacus|IT|2015-09-15
I,MW164743|18pool1267|culex_pipiens|IT|2018-07-19
I,MW164693|15pool1939|culex_pipiens|IT|2015-09-21
I,MW164697|16pool1634|culex_pipiens|IT|2016-07-20
I,MW164701|16pool2021|culex_pipiens|IT|2016-08-08
I,MW164770|18VIR7808-6|ciconia_ciconia|IT|2018-09-07
I,MW164710|17pool1250|culex_pipiens|IT|2017-07-19
I,MW164725|17pool1729|culex_pipiens|IT|2017-08-21
I,MW164727|17VIR7761-4|sturnus_vulgaris|IT|2017-09-01
I,MW164728|17VIR7838-4|turdus_merula|IT|2017-08-30
I,MW164722|17pool1671|culex_pipiens|IT|2017-08-16
I,MW164700|16pool1870|culex_pipiens|IT|2016-08-01
I,MW164706|16pool2355|culex_pipiens|IT|2016-08-29
I,MW164731|18pool1018|culex_pipiens|IT|2018-07-10
I,NA|23pool1280_23RS1633-583|culex_pipiens|IT|2023-07-05
I,OR757489|1572126|culex_pipiens|IT|2023-07-07
I,PP104390|TE2518812|columbidae_sp|IT|2023-08-25
I,NA|23VIR8795|turdus_merula|IT|2023-08-23
I,NA|23pool2138_23RS2497-1|culex_pipiens|IT|2023-11-13
I,OP734256|NA|culex_pipiens|IT|2022-07-29
I,MW164749|18pool1506|culex_pipiens|IT|2018-07-31
I,MW164690|15pool1564|culex_pipiens|IT|2015-08-17
I,MW164729|17VIR8655-3|larus_michahellis|IT|2017-09-18
I,MW164748|18pool1442|culex_pipiens|IT|2018-07-31
I,MW164703|16pool2117|culex_pipiens|IT|2016-08-16
I,MW164734|18pool1141|culex_pipiens|IT|2018-07-17
I,MW164712|17pool1309|culex_pipiens|IT|2017-07-24
I,MW164723|17pool1688|culex_pipiens|IT|2017-08-16
I,MW164716|17pool1544|culex_pipiens|IT|2017-08-07
I,MW164730|18pool1009|culex_pipiens|IT|2018-07-10
I,MW164754|18pool1556|culex_pipiens|IT|2018-08-07
I,MW164759|18pool1649|culex_pipiens|IT|2018-08-14
I,MW164746|18pool1405|culex_pipiens|IT|2018-07-26
I,MW164766|18pool1965|culex_pipiens|IT|2018-09-06
I,OP734248|NA|culex_pipiens|IT|2022-07-29
I,MW164747|18pool1430|culex_pipiens|IT|2018-07-31
I,MW164715|17pool1525|culex_pipiens|IT|2017-08-07
I,MW164709|17pool1191|culex_pipiens|IT|2017-07-17
I,MW164760|18pool1660|culex_pipiens|IT|2018-08-14
I,OP734246|NA|culex_pipiens|IT|2022-07-29
I,MW164761|18pool1662|culex_pipiens|IT|2018-08-14
I,MW164692|15pool1759|culex_pipiens|IT|2015-09-02
I,MW164704|16pool2311|culex_pipiens|IT|2016-08-24
I,NA|20VIR4811|serinus_canaria|IT|2020-08-10
I,MW164762|18pool1712|culex_pipiens|IT|2018-08-17
I,MW164753|18pool1523|culex_pipiens|IT|2018-08-02
I,MW164707|16pool2571|culex_pipiens|IT|2016-09-14
I,MW164719|17pool1647|culex_pipiens|IT|2017-08-16
I,MW164764|18pool1795|culex_pipiens|IT|2018-08-23
I,MW164758|18pool1617|culex_pipiens|IT|2018-08-09
I,MW164745|18pool1398|culex_pipiens|IT|2018-07-26
I,MW164708|17pool103G|culex_pipiens|IT|2017-08-30
I,MW164771|18VIR7859-4|turdus_merula|IT|2018-09-07
I,MW164724|17pool1709|culex_pipiens|IT|2017-08-17
I,MW164714|17pool1493|culex_pipiens|IT|2017-08-02
I,MW164720|17pool1653|culex_pipiens|IT|2017-08-16
I,MW164685|15pool1187|culex_pipiens|IT|2015-07-22
I,MW164711|17pool1252|culex_pipiens|IT|2017-07-19
I,MW164740|18pool1262|culex_pipiens|IT|2018-07-19
I,MW164768|18pool78G|culex_pipiens|IT|2018-08-09
I,MW164767|18pool2042|culex_pipiens|IT|2018-09-13
I,MW164751|18pool1519|culex_pipiens|IT|2018-08-02
I,MW164752|18pool1522|culex_pipiens|IT|2018-08-02
I,MW164756|18pool1610|culex_pipiens|IT|2018-08-09
I,MW164736|18pool1219|culex_pipiens|IT|2018-07-17
I,MW164755|18pool1575|culex_pipiens|IT|2018-08-07
I,MW164744|18pool1347|culex_pipiens|IT|2018-07-24
I,MW164733|18pool1124|culex_pipiens|IT|2018-07-12
I,MW164676|14pool1478|culex_pipiens|IT|2014-09-02
I,MW164688|15pool1426|culex_pipiens|IT|2015-08-06
I,MW164741|18pool1263|culex_pipiens|IT|2018-07-19
I,MW164672|14pool1388|culex_pipiens|IT|2014-08-22
I,MW164648|12pool2316|culex_pipiens|IT|2012-08-22
I,MW164652|12pool2628|culex_pipiens|IT|2012-09-05
I,MW164654|12VIR6777-9|turdus_pilaris|IT|2012-09-05
I,MW164641|12pool1898|culex_pipiens|IT|2012-07-24
I,MW164669|13pool6471|culex_pipiens|IT|2013-09-05
I,MW164678|14pool1494|culex_pipiens|IT|2014-09-02
I,MW164679|14pool1511|culex_pipiens|IT|2014-09-03
I,MW164670|13pool6472|culex_pipiens|IT|2013-09-05
I,MW164642|12pool1948|culex_pipiens|IT|2012-07-24
I,MW164658|13pool5009|culex_pipiens|IT|2013-07-31
I,MW164663|13pool5778|culex_pipiens|IT|2013-08-13
I,MW164668|13pool6465|culex_pipiens|IT|2013-09-05
I,MW164634|11pool1743|culex_pipiens|IT|2011-08-09
I,MW164635|11pool1805|culex_pipiens|IT|2011-08-09
I,MW164671|14pool1366|culex_pipiens|IT|2014-08-20
I,MW164673|14pool1394|culex_pipiens|IT|2014-08-26
I,MW164684|14VIR5467-8|NA|IT|2014-09-02
I,MW164682|14pool857|culex_pipiens|IT|2014-07-22
I,MW164636|11pool1941|culex_pipiens|IT|2011-08-16
I,MW164640|11pool2444|culex_pipiens|IT|2011-09-21
I,KX816648|220921-2/2011|culex_pipiens|IT|2011-09
I,KX816649|231247/2011|turdus_merula|IT|2011-09
I,KX268471|ITA-055|culex_modestus|IT|2011
I,MW164639|11pool2135|culex_pipiens|IT|2011-08-30
I,PP104383|TE2518012|culex_pipiens|IT|2023-08-02
I,OP734260|NA|culex_pipiens|IT|2022-07-08
I,OR757491|17404212|laridae_sp|IT|2023-07-20
I,ON032482|ITA2021_304421|larus_michahellis|IT|2021-09-08
I,OR757492|17404213|culex_pipiens|IT|2023-07-24
I,OR921093|2023TE1639111|culex_pipiens|IT|2023-08-11
I,OR757494|17404220|turdus_merula|IT|2023-07-24
I,PP104387|TE2518512|sturnus_vulgaris|IT|2023-09-13
I,PP104388|TE2518612|turdus_merula|IT|2023-09-22
I,OP734249|NA|culex_pipiens|IT|2022-08-01
I,MT784899|NA|turdus_merula|IT|2017
I,ON813236|305920/2021|culex_pipiens|IT|2021
I,MW164721|17pool1664|culex_pipiens|IT|2017-08-16
I,NA|23VIR9292|turdus_merula|IT|2023-10-01
I,OR757496|1740423|NA|IT|2023-07-15
I,OP734254|NA|NA|IT|2022-08-08
I,OR757495|1740422|culex_pipiens|IT|2023-07-18
I,OR921104|2023TE1838911|culex_pipiens|IT|2023-09-08
I,PP104391|TE2518912|turdus_merula|IT|2023-09-07
I,OR921105|2023TE1839111|phoenicurus_phoenicurus|IT|2023-09-08
I,OR921102|2023TE1908911|culex_pipiens|IT|2023-09-15
I,OP734250|NA|culex_pipiens|IT|2022-07-29
I,OP734253|NA|culex_pipiens|IT|2022-08-05
I,OP734261|NA|culex_pipiens|IT|2022-07-08
I,OR921103|2023TE1683411|culex_pipiens|IT|2023-08-11
I,PP104384|TE2518112|culex_pipiens|IT|2023-09-22
I,OP734257|NA|culex_pipiens|IT|2022-07-22
I,OR921095|2023TE1639211|culex_pipiens|IT|2023-08-11
I,ON032480|ITA2021_305818|turdus_merula|IT|2021-09-30
I,ON813235|ITA2021_300240|turdus_merula|IT|2021
I,ON032486|ITA2021_310782|turdus_merula|IT|2021
I,ON032481|ITA2021_302715|turdus_merula|IT|2021-09-02
I,ON032483|ITA2021_301597|turdus_merula|IT|2021-08-19
I,ON032484|ITA2021_305812|columba_palumbus|IT|2021-09-10
I,ON032474|ITA2020_115108|culex_pipiens|IT|2020
I,ON032475|ITA2020_123828|muscicapa_striata|IT|2020
I,ON032476|ITA2020_155885|turdus_merula|IT|2020
I,OP734259|NA|culex_pipiens|IT|2022-07-25
I,OP734245|NA|culex_pipiens|IT|2022-07-01
I,ON032485|ITA2021_302331|turdus_merula|IT|2021
I,OR921099|2023TE1908111|turdus_merula|IT|2023-09-15
I,PP104386|TE2518312|culex_pipiens|IT|2023-09-08
I,ON813234|ITA2021_299815|turdus_merula|IT|2021
I,ON032487|ITA2021_299813|turdus_merula|IT|2021
I,OR921098|2023TE1683511|columba_palumbus|IT|2023-08-23
I,OR921097|2023TE1640411|culex_pipiens|IT|2023-08-11
I,OR921094|2023TE1640011|culex_pipiens|IT|2023-08-11
I,MW164738|18pool1258|culex_pipiens|IT|2018-07-19
I,OP734255|NA|culex_pipiens|IT|2022-07-27
I,OR757497|1740425|culex_pipiens|IT|2023-07-16
I,OR757490|17404210|culex_pipiens|IT|2023-07-11
I,OP734251|NA|culex_pipiens|IT|2022-08-01
I,OP734252|NA|culex_pipiens|IT|2022-08-01
I,OP734258|NA|culex_pipiens|IT|2022-07-27
I,KU573070|216606/2013|culex_pipiens|IT|2013
I,OR757493|17404216|culex_pipiens|IT|2023-07-15
I,ON032477|ITA2018_17495|turdus_merula|IT|2018-08-17
I,MF991886|BD1/17-AT|homo_sapiens|AT|2017-07-24
I,NA|22VIR8404-2|turdus_merula|IT|2022-09-01
I,PV501205|204|culex_sp|HU|2024-07-21
I,PV501206|205|culex_sp|HU|2024-07-21
I,PV501207|265|culex_sp|HU|2024-07-21
I,PV501209|373|culex_sp|HU|2024-08-16
I,MF063042|AT-N211/16|turdus_merula|AT|2016-09-29
I,OQ414983|TV193/2019|culex_pipiens|RO|2019-07
I,MF063043|HU-47540/16|turdus_merula|HU|2016-09-26
I,PV541149|7096_2024|homo_sapiens|HU|2024-08-07
I,PV501208|296|culex_sp|HU|2024-08-02
I,PV501211|412|culex_sp|HU|2024-08-07
I,PV501210|406|culex_sp|HU|2024-08-24
I,PV501212|416|culex_sp|HU|2024-07-31
I,NA|USUV-GR1439/2024|homo_sapiens|EL|2024-09-16
I,PV523801|9460|homo_sapiens|HU|2024-10-04
I,PV523802|9731|homo_sapiens|HU|2024-10-12
I,PQ772639|USUV-HUN-SM2024|homo_sapiens|HU|2024-11-11
I,KX816647|208576-8/2011|culex_pipiens|IT|2011-08
I,MW164660|13pool5678|culex_pipiens|IT|2013-08-08
I,MW164661|13pool5687|culex_pipiens|IT|2013-08-08
I,KU573074|245735-8/2013|culex_pipiens|IT|2013
I,MW164664|13pool5827|culex_pipiens|IT|2013-08-13
I,KX816651|211204-8/2012|culex_pipiens|IT|2012-08
I,KU573075|201602-24/2014|culex_pipiens|IT|2014
I,KU573076|201602-25/2014|culex_pipiens|IT|2014
I,KX816650|211984-4/2012|culex_pipiens|IT|2012-08
I,KX816652|211204-7/2012|culex_pipiens|IT|2012-08
I,ON032479|ITA2010_12543|turdus_merula|IT|2010
I,KX555624|NA|turdus_merula|IT|2010
I,KX555626|NA|turdus_merula|IT|2010
I,KX555625|NA|turdus_merula|IT|2010
I,KX555627|NA|turdus_merula|IT|2010
I,KX555628|NA|turdus_merula|IT|2010
I,HM569263|NA|homo_sapiens|IT|2009-09-24
I,MW164742|18pool1264|culex_pipiens|IT|2018-07-19
I,MW164699|16pool1839|culex_pipiens|IT|2016-08-01
I,MW164737|18pool1229|culex_pipiens|IT|2018-07-19
I,MW164765|18pool1832|culex_pipiens|IT|2018-08-28
J,MW164637|11pool1989|culex_pipiens|IT|2011-08-23
J,JF266698|NA|turdus_merula|IT|2009
J,MW164638|11pool2109|culex_pipiens|IT|2011-08-24
J,MW164643|12pool2046|culex_pipiens|IT|2012-07-24
J,MW164665|13pool5873|culex_pipiens|IT|2013-08-13
J,MW164650|12pool2586|culex_pipiens|IT|2012-08-23
J,MW164667|13pool6009|culex_pipiens|IT|2013-08-21
J,MW164645|12pool2214|culex_pipiens|IT|2012-08-07
J,MW164644|12pool2194|culex_pipiens|IT|2012-08-09
J,MW164656|12VIR6787-11|alauda_arvensis|IT|2012-09-03
J,MW164655|12VIR6787-10|alauda_arvensis|IT|2012-09-03
J,MW164657|12VIR6787-9|alauda_arvensis|IT|2012-09-03
J,MW164649|12pool2412|culex_pipiens|IT|2012-08-22
J,MW164674|14pool1419|culex_pipiens|IT|2014-08-26
J,MW164705|16pool2336|culex_pipiens|IT|2016-08-29
J,MW164698|16pool1777|culex_pipiens|IT|2016-07-25
J,MW164695|15VIR4781-42|turdus_merula|IT|2015-09-15
J,MW164696|15VIR4781-43|turdus_merula|IT|2015-09-15
J,MW164680|14pool1698|culex_pipiens|IT|2014-09-23
J,MW164689|15pool1503|culex_pipiens|IT|2015-08-10
J,MW164702|16pool2106|culex_pipiens|IT|2016-08-16
J,MW164646|12pool2249|culex_pipiens|IT|2012-08-07
J,MW164659|13pool5600|culex_pipiens|IT|2013-08-07
J,MW164647|12pool2262|culex_pipiens|IT|2012-08-07
J,MW164653|12pool2653|culex_pipiens|IT|2012-09-05
J,MW164677|14pool1489|culex_pipiens|IT|2014-09-02
J,MW164651|12pool2626|culex_pipiens|IT|2012-09-05
J,MW164666|13pool5999|culex_pipiens|IT|2013-08-21
K,JQ219843|NA|cyanistes_caeruleus|AT|2002-08-29
K,AY453411|NA|NA|AT|2001
K,EF206350|Budapest|turdus_merula|HU|2005
K,MG888044|NA|culex_pipiens|RS|2014-08
A,HQ833022|HU10279_09|culex_perexiguus|ES|2009
B,KY084488|NA|turdus_merula|DE|2016
B,KY084483|NA|strix_nebulosa|DE|2016
B,MK956052|USUV-V_9526|turdus_merula|DE|2017
B,KY084494|NA|turdus_merula|DE|2016
B,LR989887|ED-I-107/18|bubo_scandiacus|DE|2018
B,LR989886|ED-I-79/18|bubo_scandiacus|DE|2018
B,KY084487|NA|turdus_merula|DE|2016
B,KU664609|Usutu_Berlin|strix_nebulosa|DE|2015-08-27
B,KY084497|NA|culex_sp|DE|2016
B,MK956028|USUV-M_664|turdus_merula|DE|2018
B,NA|8645/France/69/2016|turdus_merula|FR|2016-07-25
B,NA|9615/France/69/2016|turdus_merula|FR|2016-08-03
B,NA|9617/France/69/2016|turdus_merula|FR|2016-08-03
B,KY084489|NA|turdus_merula|DE|2016
B,PQ039631|EJ|garrulus_glandarius|PL|2023-11-21
B,PQ039636|MB286-23_s5|anas_platyrhynchos|PL|2023-07-25
B,PQ039635|1091|regulus_regulus|PL|2023-10-17
B,PQ039632|WW|motacilla_alba|PL|2023-08-12
B,PQ039624|21|fringilla_coelebs|PL|2023-09-28
B,PQ039645|1383|acanthis_flammea|PL|2023-11-09
B,PQ039633|EB-3|sylvia_atricapilla|PL|2023-08-17
B,PQ039626|129|turdus_merula|PL|2023-10-26
B,PQ039630|1552|regulus_regulus|PL|2023-11-05
B,PQ039642|BHG-s3|anser_indicus|PL|2023-10
B,PQ039640|MB282-23_s1|anas_platyrhynchos|PL|2023-07-21
B,PQ039625|128|turdus_merula|PL|2023-10-22
B,PQ039629|1141|regulus_regulus|PL|2023-10-22
B,PQ039634|113|regulus_regulus|PL|2023-10-18
B,PQ039646|1182|regulus_regulus|PL|2023-10-29
B,PQ039637|MB286-23_s3|anas_platyrhynchos|PL|2023-07-25
B,PQ039643|MB294-23|falco_subbuteo|PL|2023-10-12
B,PQ039641|BHG-s1|anser_indicus|PL|2023-10
B,MK956050|USUV-V_9519|turdus_merula|DE|2017
B,MK956054|USUV-V_9958|turdus_merula|DE|2017
B,PQ039644|123|sylvia_atricapilla|PL|2023-09-10
B,PQ039639|MB282-23_s4|anas_platyrhynchos|PL|2023-07-21
B,PQ039627|1191|regulus_regulus|PL|2023-10
B,PQ039628|115|regulus_regulus|PL|2023-10-23
B,PQ039638|MB285-23|cygnus_olor|PL|2023-07-25
B,NA|8640/France/69/2016|turdus_merula|FR|2016-08-16
B,MF621058|ME/USUV_38580/Fr_2015|culex_sp|FR|2015
B,MF621055|ME/USUV_2G9/Fr_2015|culex_sp|FR|2015
B,MF621056|ME/USUV_2D12/Fr_2015|culex_sp|FR|2015
B,MF621057|ME/USUV_1G10/Fr_2015|culex_sp|FR|2015
B,KY113098|BNI-499|turdus_merula|DE|2016-09-04
B,AM909649|NA|culex_pipiens|ES|2006-08-22
B,ON125263|Usutu/Camargue/Culex2015|culex_pipiens|FR|2015
C,MZ754054|USUV-1982|leucopsar_rothschildi|DE|2020
C,OR141603|ED-I-178/21|strix_nebulosa|DE|2021-08-22
C,OR141553|ED-I-53/20|strix_nebulosa|DE|2019-09-11
C,OR141581|4220027299|turdus_merula|DE|2020-08-24
C,OR141580|4220027168|leucopsar_rothschildi|DE|2020-07
C,OP422562|ED-I-44/20|strix_nebulosa|DE|2019-09-09
C,OR166140|ED-I-45/17|strix_nebulosa|DE|2017-09
C,NA|AS20200342|turdus_merula|NL|2020-08-23
C,MZ754039|USUV-4220027168|turdus_merula|DE|2020
C,OR141559|B-11590-19|turdus_merula|DE|2019-08-22
C,NA|AS20200523|turdus_merula|NL|2020-09-27
C,NA|AS20200566|turdus_merula|NL|2020-09-27
C,NA|AS20200610|turdus_merula|NL|2020-08-26
C,NA|AS20200415|turdus_merula|NL|2020-08-19
C,MZ754018|USUV-ED-I-64_20|turdus_merula|DE|2019
C,MZ754024|USUV-B-11341-19|turdus_merula|DE|2019
C,MZ779075|USUV-ED-I-53_20|strix_nebulosa|DE|2019
C,OR141554|ED-I-64/20|turdus_merula|DE|2019-08-16
C,MK956034|USUV-M_775|pyrrhula_pyrrhula|DE|2018
C,MH423836|DoMaPS455/2016|culex_pipiens|DE|2016-07
C,OR141534|ED-I-32/18|strix_nebulosa|DE|2018-08
C,OR141562|19_51217-UGF198|turdus_merula|DE|2019-09-27
C,OR141602|ED-I-177/21|turdus_merula|DE|2020-08-25
C,OR141566|ED-I-68/19_Nr1|turdus_merula|DE|2019-08
C,MZ754017|USUV-ED-I-236_19|turdus_merula|DE|2019
C,OR166161|ED-I-27/18|turdus_merula|DE|2018-08
C,MZ754027|USUV-B-12411-19|turdus_merula|DE|2019
C,MZ754035|USUV-191016985/1|turdus_merula|DE|2019
C,MZ754007|USUV-ED-I-44/20|strix_nebulosa|DE|2019
C,NA|8533/France/17/2023|turdus_merula|FR|2023-07-15
C,OR166148|ED-I-296/19|turdus_merula|DE|2018-09-18
C,OR141552|ED-I-236/19|turdus_merula|DE|2019-08-08
C,OQ630908|M4509|asio_otus|DE|2021-03
C,OR141604|ED-I-215/21|strix_nebulosa|DE|2021-08-22
C,MK956014|USUV-EDI_32/_18|strix_nebulosa|DE|2018
C,NA|6577/France/48/2018|turdus_merula|FR|2018-09-25
C,NA|6236/France/71/2018|turdus_merula|FR|2018-09-10
C,OR141550|ED-I-223/19|erithacus_rubecula|DE|2019-09-20
C,NA|AS20200536|columba_palumbus|NL|2020-09-24
C,MZ754042|USUV-4220027299|turdus_merula|DE|2020
C,NA|AS20200586|cyanistes_caeruleus|NL|2020-09-15
C,NA|AS20200531|cyanistes_caeruleus|NL|2020-09-17
C,OR141582|04-51020-000781|turdus_merula|DE|2020-08-31
C,OR166149|ED-I-300/19|turdus_merula|DE|2018-08-29
C,OR141546|ED-I-121/19_Nr1|strix_nebulosa|DE|2019-08-23
C,MZ754032|USUV-19_51217-UGF201|turdus_merula|DE|2019
C,MZ754033|USUV-19_51217-UGF202|turdus_merula|DE|2019
C,MZ754060|USUV-20_51217-UGF204|parus_major|DE|2020
C,MZ754005|USUV-ED-I-121/19_Nr1|strix_nebulosa|DE|2019
C,OR141564|19_51217-UGF202|turdus_merula|DE|2019-09
C,LR989894|ED-I-119/19|larus_crassirostris|DE|2019
C,LR989889|ED-I-115/19|mergellus/lophodytes/mergus_sp|DE|2019
C,LR989892|ED-I-116/19|larus_crassirostris|DE|2019
C,OR141565|191016985/1|turdus_merula|DE|2019-09-16
C,OR141585|20_51217-UGF217|parus_major|DE|2020-08-25
C,OR141555|4219032044/1|turdus_merula|DE|2019-09-01
C,OR141549|ED-I-222/19|turdus_merula|DE|2019-09-18
C,OQ630906|ED-I-177/21|strix_nebulosa|DE|2021-08
C,OP422565|USUV-19_51217-UGF187|tachyeres_sp|DE|2019-09-09
C,OR141583|2440__200544406__A20194659|turdus_merula|DE|2020-08
C,OR141584|20_51217-UGF204|cyanistes_caeruleus|DE|2020-09
C,NA|AS20200444|cyanistes_caeruleus|NL|2020-08-25
C,MK956023|USUV-EDI_92/18|turdus_merula|DE|2018
C,OR141578|M_3583|turdus_merula|DE|2020-08-21
C,NA|AS20190482|taeniopygia_guttata|NL|2019-09-03
C,OR141600|ED-I-18/22|turdus_merula|DE|2020-09-17
C,NA|6159/France/62/2018|turdus_merula|FR|2018-08-28
C,OR141543|ED-I-140/18|turdus_merula|DE|2018-09
C,OR166135|ED-I-05/19|turdus_merula|DE|2017-09-12
C,OR141539|ED-I-92/18|turdus_merula|DE|2018-09-03
C,OQ630905|ED-I-86/18|strix_nebulosa|DE|2018-09
C,OR166147|ED-I-04/19|turdus_merula|DE|2018-08-27
C,OR141579|1982__200429855-6__A2015048/20|turdus_merula|DE|2020-08-23
C,OR141586|ED-I-232/20|cyanistes_caeruleus|DE|2020-08
C,OR141560|B-11847-19|turdus_merula|DE|2019-09-01
C,MK956013|USUV-EDI_31/17|turdus_merula|DE|2017
C,MZ754046|USUV-201015505|turdus_merula|DE|2020
C,MZ754053|USUV-04-51020-000781|turdus_merula|DE|2020
C,MZ754057|USUV-2440|cyanistes_caeruleus|DE|2020
C,MZ754025|USUV-B-11590-19|turdus_merula|DE|2019
C,MK956042|USUV-P_762|turdus_merula|DE|2018
C,MZ754044|USUV-M_3583|turdus_merula|DE|2020
C,MZ754041|USUV-ED-I-220_20|turdus_merula|DE|2020
C,MZ754037|USUV-ED-I-223_19|erithacus_rubecula|DE|2019
C,MZ754021|USUV-4219032044/1|turdus_merula|DE|2019
C,MZ754056|USUV-20_51217-UGF217|cyanistes_caeruleus|DE|2020
C,MZ754015|USUV-ED-I-222_19|turdus_merula|DE|2019
C,OR166152|ED-I-85/18|turdus_merula|DE|2018-09
C,OR166146|04-51018-000819|turdus_merula|DE|2018-08-17
C,OR141606|M4509|turdus_merula|DE|2021-09-03
C,OR141558|B-11341-19|turdus_merula|DE|2019-08-22
C,OR141540|ED-I-93/18|turdus_merula|DE|2018-08-31
C,OR141545|ED-I-82/19|strix_nebulosa|DE|2019-07-30
C,OR141551|ED-I-229/19|turdus_merula|DE|2019-08-24
C,KY114798|NA|strix_nebulosa|DE|2016-09-22
C,OR141557|B-11136-19|turdus_merula|DE|2019-07-30
C,OR141563|19_51217-UGF201|strix_nebulosa|DE|2019-09-16
C,OR141556|B-10295-19|turdus_merula|DE|2019-09-10
C,OR141548|ED-I-159/19|turdus_merula|DE|2019-09-02
C,MK956043|USUV-P_818|turdus_merula|DE|2018
C,MZ754004|USUV-ED-I-82/19|strix_nebulosa|DE|2019
C,MZ754013|USUV-ED-I-159/19|turdus_merula|DE|2019
C,MK956024|USUV-EDI_93/18|turdus_merula|DE|2018
C,MK956027|USUV-EDI_140/_18|turdus_merula|DE|2018
C,MZ754011|USUV-ED-I-74/19|turdus_merula|DE|2019
C,MZ754009|USUV-19_51217-UGF198|strix_nebulosa|DE|2019
C,MZ754023|USUV-B-11136-19|turdus_merula|DE|2019
C,MZ754022|USUV-B-10295-19|turdus_merula|DE|2019
C,MZ754014|USUV-ED-I-229_19|turdus_merula|DE|2019
C,OR141531|ED-I-19/18|strix_nebulosa|DE|2018-08-06
C,MK956009|USUV-EDI_19/18|strix_nebulosa|DE|2018
C,OQ630907|ED-I-178/21|strix_nebulosa|DE|2021-08
C,OR141547|ED-I-121/19_Nr2|strix_nebulosa|DE|2019-08-23
C,MZ560931|USUV-ED-I-121/19_Nr2|strix_nebulosa|DE|2019
D,ON838179|NA|culex_pipiens|ES|2020
D,NA|7391/France/73/2017|turdus_merula|FR|2017-09-12
D,NA|5932/France/30/2018|turdus_merula|FR|2018-09-02
D,NA|6806/France/30/2018|turdus_merula|FR|2018-10-01
D,NA|6802/France/38/2020|turdus_merula|FR|2020-09-16
D,NA|9784/France/07/2017|turdidae_sp|FR|2017-09-30
D,NA|6797/France/26/2018|turdus_merula|FR|2018-10-03
D,NA|8760/France/42/2016|turdus_merula|FR|2016-09-21
D,NA|7641/France/38/2017|turdus_merula|FR|2017-09-18
D,NA|4817/France/36/2018|turdus_merula|FR|2018-07-23
D,NA|5943/France/18/2018|turdus_merula|FR|2018-09-05
D,KY084493|NA|turdus_merula|DE|2016
D,NA|6000/France/54/2018|turdus_merula|FR|2018-08-31
D,NA|5930/France/33/2018|turdus_merula|FR|2018-08-23
D,NA|5957/France/36/2018|turdus_merula|FR|2018-08-31
D,NA|6043/France/56/2018|turdus_merula|FR|2018-09-04
D,NA|6510/France/22/2018|turdus_merula|FR|2018-09-15
D,NA|5940/France/18/2018|turdus_merula|FR|2018-09-05
D,NA|5278/France/53/2018|strix_nebulosa|FR|2018-07-30
D,NA|7323/France/88/2018|garrulus_glandarius|FR|2018-10-02
D,NA|6698/France/51/2020|turdus_merula|FR|2020-08-07
D,NA|6041/France/56/2018|turdus_merula|FR|2018-08-30
D,NA|6001/France/54/2018|turdus_merula|FR|2018-09-04
D,NA|6042/France/56/2018|turdus_merula|FR|2018-09-02
D,KY084485|NA|turdus_merula|DE|2016
D,MK956048|USUV-V_9505|turdus_merula|DE|2017
D,NA|5695/France/41/2018|strix_nebulosa|FR|2018-08-27
D,NA|6687/France/43/2018|turdus_merula|FR|2018-09-25
D,NA|5425/France/03/2018|bubo_scandiacus|FR|2018-08-21
D,NA|6732/France/43/2018|turdus_merula|FR|2018-09-25
D,NA|8784/France/87/2016|turdus_merula|FR|2016-09-23
D,NA|6804/France/30/2018|turdus_merula|FR|2018-09-16
D,NA|7285/France/41/2017|strix_nebulosa|FR|2017-09-18
D,MN384964|NA|turdus_merula|CZ|2018-07-24
D,MK956016|USUV-EDI_44/18|strix_nebulosa|DE|2018
D,NA|6504/France/69/2018|turdus_merula|FR|2018-09-12
D,NA|7678/France/88/2024|turdus_viscivorus|FR|2024-08-17
D,ON099437|Usutu/Camargue2018|culex_pipiens|FR|2018
D,MK956012|USUV-EDI_29/18|surnia_ulula|DE|2018
D,ON099438|Usutu/Camargue2020/poolH4|culex_pipiens|FR|2020
D,MK092887|BD16/18-AT|homo_sapiens|AT|2018-08
D,OR141530|ED-I-44/18|strix_nebulosa|DE|2018-08-22
D,OR166150|ED-I-304/19|turdus_merula|DE|2018-08-10
D,OR141533|ED-I-29/18|surnia_ulula|DE|2018-08-06
D,KY084496|NA|turdus_merula|DE|2016
D,KY084492|NA|turdus_merula|DE|2016
D,KY084490|NA|turdus_merula|DE|2016
D,MK956047|USUV-V_9503|turdus_merula|DE|2017
D,MK956056|USUV-VL-2017/48975|turdus_merula|DE|2017
D,KY084486|NA|turdus_merula|DE|2016
D,MK956046|USUV-V_9501|turdus_merula|DE|2017
D,KY084484|NA|turdus_merula|DE|2016
D,KY084495|NA|turdus_merula|DE|2016
D,KY084491|NA|turdus_merula|DE|2016
D,OR141561|B-12411-19|turdus_merula|DE|2019-09-10
D,OR166139|ED-I-44/17|strix_nebulosa|DE|2017-09
D,MZ754026|USUV-B-11847-19|turdus_merula|DE|2019
D,MZ779076|USUV-19_51217-UGF187|tachyeres_sp|DE|2019
D,MF621054|ME/USUV_2G12/Fr_2015|culex_sp|FR|2015
D,PQ039613|1142|regulus_regulus|PL|2023-10-22
D,PQ039617|1322|turdidae_sp|PL|2023-09-27
D,PQ039623|127|turdus_merula|PL|2023-09-27
D,PQ039615|CB-2|turdus_merula|PL|2023-10
D,PQ039616|CB-1|turdus_merula|PL|2023-10
D,PQ039622|CS|actitis_hypoleucos|PL|2023-08-15
D,PQ039618|124|pan_troglodytes|PL|2023-10-06
D,PQ039619|1097|regulus_regulus|PL|2023-10-17
D,PQ039614|137|acanthis_flammea|PL|2023-11-08
D,PQ039621|1192|regulus_regulus|PL|2023-10
D,PQ039620|HC-3|corvus_cornix|PL|2023-10
D,NA|5326/France/79/2018|turdus_merula|FR|2018-08-09
D,NA|6044/France/56/2018|turdus_merula|FR|2018-09-05
D,NA|6045/France/56/2018|turdus_merula|FR|2018-09-05
D,OR166141|ED-I-86/18|strix_nebulosa|DE|2018-09-02
D,MZ754063|USUV-V_1344_19|turdus_merula|DE|2019
D,PQ785878|Austria/MUW1754892/2024|homo_sapiens|AT|2024-09-02
D,MK598442|NA|turdus_merula|AT|2017-08-04
D,NA|5490/France/57/2018|strix_nebulosa|FR|2018-08-07
D,NA|6677/France/57/2018|strix_nebulosa|FR|2018-09-25
D,NA|5997/France/02/2018|turdus_merula|FR|2018-08-21
D,MK956049|USUV-V_9512|turdus_merula|DE|2017
D,NA|10270/France/87/2016|turdus_merula|FR|2016-10-05
D,NA|5533/France/27/2018|strix_nebulosa|FR|2018-08-22
D,NA|6569/France/78/2018|strix_nebulosa|FR|2018-09-24
D,NA|4838/France/41/2018|turdus_merula|FR|2018-07-26
D,NA|5114/France/44/2018|turdus_merula|FR|2018-08-06
D,NA|5102/France/86/2018|turdus_merula|FR|2018-08-03
D,NA|5701/France/89/2018|turdus_merula|FR|2018-08-24
D,NA|6575/France/27/2018|strix_nebulosa|FR|2018-09-25
D,NA|6576/France/27/2018|strix_nebulosa|FR|2018-09-25
D,NA|5450/France/18/2018|turdus_merula|FR|2018-08-21
D,NA|6831/France/36/2018|turdus_merula|FR|2018-09-28
D,NA|6699/France/89/2020|turdus_merula|FR|2020-09-17
D,NA|6046/France/37/2018|turdus_merula|FR|2018-09-06
D,NA|5356/France/75/2018|turdus_merula|FR|2018-08-16
D,NA|7380/France/91/2018|poecile_atricapillus|FR|2018-08-27
D,NA|5279/France/53/2018|strix_nebulosa|FR|2018-08-01
D,NA|7339/France/45/2018|poecile_atricapillus|FR|2018-10-17
D,NA|7378/France/78/2018|turdus_merula|FR|2018-08-14
D,NA|6895/France/77/2018|turdus_merula|FR|2018-10-02
D,NA|6568/France/78/2018|strix_nebulosa|FR|2018-09-24
D,NA|6894/France/77/2018|turdus_merula|FR|2018-09-17
D,NA|6124/France/45/2018|turdus_merula|FR|2018-09-11
D,NA|5612/France/36/2018|erithacus_rubecula|FR|2018-08-25
D,NA|6012/France/72/2018|turdus_merula|FR|2018-08-27
D,NA|4752/France/75/2018|strix_nebulosa|FR|2018-07-27
D,MK956038|USUV-M_837|turdus_merula|DE|2018
D,MK956006|USUV-2018-B/10872|strix_nebulosa|DE|2018
E,KF055446|NA|culex_pipiens|IT|2012
E,NA|USU090_10|culex_pipiens|IT|2010-09-14
E,KF055439|NA|turdus_merula|IT|2010
E,KF801585|NA|culex_pipiens|IT|2012-08-22
E,KF801588|NA|culex_pipiens|IT|2012-09-05
E,KF801587|NA|culex_pipiens|IT|2012-08-22
E,MK060108|NA|homo_sapiens|IT|2017-08
E,MK060110|NA|homo_sapiens|IT|2017-08
E,KF801600|NA|culex_pipiens|IT|2012-09-05
E,KF801596|NA|culex_pipiens|IT|2012-08-22
E,KF801594|NA|culex_pipiens|IT|2012-08-22
E,KX257046|NA|culex_pipiens|IT|2011
E,KX257053|NA|turdus_merula|IT|2015
E,KF801595|NA|culex_pipiens|IT|2012-08-22
E,NA|Milan_2006|strix_nebulosa|IT|2006-08-05
E,NA|USU181_09|culex_pipiens|IT|2009-08-26
F,OR141590|3248__200666092-005__A20237360|turdus_merula|DE|2020-09
F,MZ754052|USUV-2458|turdus_merula|DE|2020
F,NA|6736/France/68/2017|strix_nebulosa|FR|2017-08-30
F,MT476092|USUV_5420_2018|NA|CH|2018
F,MT476094|USUV_5867_2018|NA|CH|2018
F,MT476080|USUV_4354_2018|NA|CH|2018
F,MK230894|NA|motacilla_alba|BE|2018-09
F,NA|10209/France/68/2016|turdus_merula|FR|2016-09-19
F,NA|8084/France/68/2023|turdus_merula|FR|2023-07-26
F,NA|10492/France/67/2021|turdus_merula|FR|2021-09-15
F,KY114797|NA|strix_nebulosa|DE|2016-09-20
G,OR141591|20_51217-UGF201/2|turdus_merula|DE|2020-07-31
G,OR141589|2458__200552579__A20197334|passer_domesticus|DE|2020-09
G,OR141535|ED-I-50/18|strix_nebulosa|DE|2018-08
G,OR141567|M_2349|turdus_merula|DE|2019-06-29
G,MZ754010|USUV-ED-I-68/19|turdus_merula|DE|2019
G,MZ754016|USUV-ED-I-231_20|turdus_merula|DE|2019
G,OR166163|ED-I-37/18|turdus_merula|DE|2018-08
G,NA|17TV1463|turdus_merula|NL|2017-10-26
G,KY113093|BNI-492|turdus_merula|DE|2016-09-16
G,MT476064|USUV_4079_2018|NA|CH|2018
G,MT476066|USUV_3727_2019|NA|CH|2019
G,MT476091|USUV_5020_2018|NA|CH|2018
G,MT476067|USUV_4274_2018|NA|CH|2018
G,MT476090|USUV_4758_2018|NA|CH|2018
G,MT476102|USUV_6191_2017|NA|CH|2017
G,MT476069|USUV_5903_2018|NA|CH|2018
G,MT476096|USUV_5424_2018|NA|CH|2018
G,MT476065|USUV_4322_2018|NA|CH|2018
G,MT476083|USUV_4512_2018|NA|CH|2018
G,MT476068|USUV_4454_2018|NA|CH|2018
G,MT476093|USUV_5423_2018|NA|CH|2018
G,OR141536|ED-I-57/18|turdus_merula|DE|2018-08
G,OR141532|ED-I-22/18|strix_nebulosa|DE|2018-08
G,OR141572|ED-I-138/19__VD-2019/55644_|turdus_merula|DE|2019-07
G,OR166169|ED-I-74/18|turdus_merula|DE|2018-09
G,OR141529|ED-I-58/18|strix_nebulosa|DE|2018-08-26
G,KY113107|BNI-541|turdus_merula|DE|2016-10-12
G,MK230916|NA|turdus_merula|BE|2018-09
G,MK230903|NA|fringilla_coelebs|BE|2018-09
G,MK230912|NA|turdus_merula|BE|2018-09
G,KY263622|NA|culex_sp|BE|2016-10
G,MK230917|NA|turdus_merula|BE|2018-08
G,MK230909|NA|turdus_merula|BE|2018-07
G,MK230911|NA|turdus_merula|BE|2017-06
G,MK230922|NA|turdus_merula|BE|2018-09
G,MK230924|NA|pipistrellus_pipistrellus|BE|2018-09
G,MK230918|NA|turdus_merula|BE|2018-09
G,MK230901|NA|pica_pica|BE|2018-08
G,MK230914|NA|turdus_merula|BE|2018-08
G,MK230895|NA|strix_aluco|BE|2018-09
G,KY263623|NA|garrulus_glandarius|BE|2016-10
G,KY113094|BNI-493|turdus_merula|DE|2016-09-26
G,MK230913|NA|turdus_merula|BE|2017-07
G,MK230919|NA|turdus_merula|BE|2017-07
G,MK230897|NA|columba_livia|BE|2017-05
G,MK230898|NA|columba_livia|BE|2017-06
G,MK230900|NA|anas_platyrhynchos|BE|2017-06
G,MK230921|NA|turdus_merula|BE|2017-08
G,MK230899|NA|asio_otus|BE|2015-09
G,MK230902|NA|alopochen_aegyptiaca|BE|2017-06
G,MK230915|NA|turdus_merula|BE|2017-07
G,MK230920|NA|turdus_merula|BE|2018-09
G,KY113089|BNI-472|turdus_merula|DE|2016-09-19
G,KY113105|BNI-528|turdus_merula|DE|2016-10-11
G,KY113106|BNI-540|turdus_merula|DE|2016-09-23
G,KY113090|BNI-489|turdus_merula|DE|2016-09-23
G,KY113096|BNI-495|turdus_merula|DE|2016-09-25
G,KY113095|BNI-494|turdus_merula|DE|2016-09-29
G,MT476085|USUV_4565_2018|NA|CH|2018
G,KY113099|BNI-500|turdus_merula|DE|2016-09-26
G,KY113100|BNI-501|turdus_merula|DE|2016-09-24
G,OR141599|ED-I-249/21|turdus_sp|DE|2020-08-26
G,MK956011|USUV-EDI_26/_18|strix_nebulosa|DE|2018
G,OR166162|ED-I-30/18|turdus_merula|DE|2018-08
G,OR166165|ED-I-55/18|turdus_merula|DE|2018-08
G,OR141601|ED-I-19/22|turdus_merula|DE|2020-08-25
G,OR166144|04-51018-000808|turdus_merula|DE|2018-08-10
G,OR166145|04-51018-000725|turdus_merula|DE|2018-07
G,PQ144561|ED-I-228/22|turdus_merula|DE|2022-07-13
G,OR166164|ED-I-52/18|turdus_merula|DE|2018-08
G,OR166154|ED-I-99/18|turdus_merula|DE|2018-09
G,OR141570|B-11386-19|columba_palumbus|DE|2019-10
G,OR166143|ED-I-302/19|turdidae_sp|DE|2018-08-21
G,OR166153|ED-I-97/18|turdus_merula|DE|2018-09
G,OR141571|191013248|turdus_sp|DE|2019-08-23
G,OR166156|ED-I-122/18|fringilla_coelebs|DE|2018-09
G,OR141593|201014447|turdus_merula|DE|2020-08
G,OR166168|ED-I-68/18|turdus_merula|DE|2018-09
G,NA|18TV0344|turdus_merula|NL|2018-08-17
G,OR141542|ED-I-111/18|turdus_merula|DE|2018-09
G,OR166151|ED-I-81/18|strix_nebulosa|DE|2018-09
G,OR166155|ED-I-108/18|turdus_merula|DE|2018-09
G,OR141544|ED-I-77/18|turdus_merula|DE|2018-09
G,OR166158|ED-I-134/18|turdus_merula|DE|2018-09
G,OR141537|ED-I-66/18|turdus_merula|DE|2018-09
G,MK956020|USUV-EDI_66/18|turdus_merula|DE|2018
G,MK956021|USUV-EDI_77/18|turdus_merula|DE|2018
G,NA|10212/France/68/2016|turdus_merula|FR|2016-09-22
G,OQ630904|ED-I-58/18|strix_nebulosa|DE|2018-08
G,OR166167|ED-I-67/18|turdus_merula|DE|2018-09
G,OR166142|ED-I-297/19|turdus_merula|DE|2018-09-12
G,OR166157|ED-I-130/18|turdus_merula|DE|2018-09
G,KJ438782|NA|anopheles_claviger|DE|2011-08-18
H,OR166136|ED-I-25/17|turdus_merula|DE|2017-08
H,NA|AS20200526|turdus_merula|NL|2020-09-21
H,NA|AS20200487|turdus_merula|NL|2020-09-15
H,OR141592|201013632|strix_nebulosa|DE|2020-08
H,MZ754055|USUV-20_51217-UGF201/2|strix_nebulosa|DE|2020
H,MZ754047|USUV-201015295|turdus_merula|DE|2020
H,OR141541|ED-I-110/18|turdus_merula|DE|2018-09
H,MK956025|USUV-EDI_110/18|turdus_merula|DE|2018
H,OR141568|M_1827|strix_nebulosa|DE|2019-09-21
H,OR141595|VD-2020/58610|turdus_merula|DE|2020-09
H,OR141538|ED-I-80/18|turdidae_sp|DE|2018-09-04
H,OR166138|ED-I-38/17|surnia_ulula|DE|2017-09
H,OR141605|ED-I-228/21|strix_nebulosa|DE|2021-08-11
H,OR166137|ED-I-30/17|turdus_merula|DE|2017-08-01
H,KY084498|NA|turdus_merula|DE|2016
H,MZ754036|USUV-B-11386-19|turdidae_sp|DE|2019
H,MN395381|NA|turdus_merula|CZ|2018-09-18
H,MN395383|NA|turdus_merula|CZ|2018-09-17
H,MK956015|USUV-EDI_38/17|surnia_ulula|DE|2017
H,MN395379|NA|turdus_merula|CZ|2018-07
H,MN395380|NA|turdus_merula|CZ|2018-09-18
H,MN395382|NA|turdus_merula|CZ|2018-09-05
H,MK956055|USUV-VD-2018/52423|turdus_merula|DE|2018
H,MK956044|USUV-V_9495|turdus_merula|DE|2017
H,MK956051|USUV-V_9524|turdus_merula|DE|2017
H,MK956031|USUV-M_674|pyrrhula_pyrrhula|DE|2018
H,MK956032|USUV-M_676|pyrrhula_erythaca|DE|2018
H,MK956045|USUV-V_9497|turdus_merula|DE|2017
H,MN419907|NA|turdus_merula|CZ|2018-09-18
H,MN419911|NA|turdus_merula|CZ|2018-09-05
H,MN419908|NA|turdus_merula|CZ|2018-09-18
H,MN419909|NA|turdus_merula|CZ|2018-09-11
H,MN419910|NA|turdus_merula|CZ|2018-09-04
H,MN419912|NA|turdus_merula|CZ|2018-09-17
H,OR141569|VD-2019/66038/3|turdus_merula|DE|2019-07-10
H,OR141594|201015295|turdus_merula|DE|2020-09
H,KU664616|M689|strix_nebulosa|DE|2013
I,NA|22VIR7059-3|turdus_merula|IT|2022-07-20
I,NA|INMI-1-CM|homo_sapiens|IT|2018-09
I,NA|USU-BO-m13/2010|culex_pipiens|IT|2010-08-25
I,NA|USU-MO-m18/2010|culex_pipiens|IT|2010-08-23
I,NA|USU-MO-m24/2010|culex_pipiens|IT|2010-08-30
I,NA|USU-FE-m3/2010|culex_pipiens|IT|2010-08-23
I,NA|USU-BO-m5/2010|culex_pipiens|IT|2010-08-11
I,NA|USU-MO-m6/2010|culex_pipiens|IT|2010-08-09
I,JF834628|USU-MO-m35/2010|culex_pipiens|IT|2010-08-19
I,JF834679|USU-RE-m13/2010|culex_pipiens|IT|2010-09-07
I,JF834655|USU-MO-m33/2010|culex_pipiens|IT|2010-09-09
I,JF834615|USU-BO-m18/2010|culex_pipiens|IT|2010-09-08
I,JF834660|USU-MO-b5/2010|alectoris_rufa|IT|2010-08-21
I,JF834672|USU-RE-m12/2010|culex_pipiens|IT|2010-08-10
I,JF834650|USU-MO-m28/2010|culex_pipiens|IT|2010-09-07
I,JF834647|USU-MO-m3/2010|culex_pipiens|IT|2010-08-30
I,JF834683|USU-MO-b1/2010|turdus_merula|IT|2010-08-04
I,JF834631|USU-MO-m12/2010|culex_pipiens|IT|2010-08-19
I,JF834566|USU-MO-m5/2010|culex_pipiens|IT|2010-08-05
I,NA|USU-BO-m14/2010|culex_pipiens|IT|2010-08-25
I,NA|USU-BO-m16/2010|culex_pipiens|IT|2010-08-25
I,NA|USU-MO-m17/2010|culex_pipiens|IT|2010-08-23
I,NA|USU-BO-m15/2010|culex_pipiens|IT|2010-08-25
I,NA|USU-MO-m22/2010|culex_pipiens|IT|2010-08-26
I,NA|USU-FE-m2/2010|culex_pipiens|IT|2010-08-09
I,NA|USU-MO-m21/2010|culex_pipiens|IT|2010-08-26
I,NA|USU-BO-m17/2010|culex_pipiens|IT|2010-08-25
I,JF834568|USU-mo-m7/2010|culex_pipiens|IT|2010-08-12
I,JF834596|USU-MO-m4/2010|culex_pipiens|IT|2010-07-22
I,NA|USU-MO-m20/2010|culex_pipiens|IT|2010-08-26
I,NA|USU-MO-b6/2010|turdus_merula|IT|2010-08-21
I,NA|USU-MO-m34/2010|culex_pipiens|IT|2010-09-23
I,NA|USU-MO-b3/2010|caprimulgus_europaeus|IT|2010-06-12
I,NA|USU-FE-m1/2010|culex_pipiens|IT|2010-08-06
I,NA|USU-RE-m10/2010|culex_pipiens|IT|2010-08-10
I,NA|USU-FE-m7/2010|culex_pipiens|IT|2010-09-23
I,NA|USU-FE-m5/2010|culex_pipiens|IT|2010-09-09
I,JF834664|USU-RA-m6/2010|culex_pipiens|IT|2010-09-16
I,JF834669|USU-RA-b1/2010|asio_otus|IT|2010-07-03
I,NA|USU-FE-m6/2010|culex_pipiens|IT|2010-09-22
I,NA|USU-RA-m3/2010|culex_pipiens|IT|2010-08-12
I,NA|USU-MO-m27/2010|culex_pipiens|IT|2010-09-02
I,NA|USU-RE-m4/2010|culex_pipiens|IT|2010-08-10
I,HM138714|USU-BO-7/2009|culex_pipiens|IT|2009-07-15
I,NA|USU-MO-m11/2010|culex_pipiens|IT|2010-08-19
I,NA|USU-RE-m6/2010|culex_pipiens|IT|2010-08-10
I,MK230904|NA|fringilla_coelebs|BE|2018-09
I,NA|USU-RE-m7/2010|culex_pipiens|IT|2010-08-10
I,JF834605|USU-BO-m8/2010|culex_pipiens|IT|2010-08-20
I,HM138708|USU-BO-2/2009|culex_pipiens|IT|2009-07-29
I,HM138715|USU-FE-1/2009|culex_pipiens|IT|2009-07-17
I,HM138710|USU-BO-3/2009|culex_pipiens|IT|2009-07-08
I,HM138711|USU-BO-4/2009|culex_pipiens|IT|2009-07-08
I,HM138717|USU-BO-9/2009|culex_pipiens|IT|2009-07-22
I,HM138718|USU-BO-10/2009|culex_pipiens|IT|2009-07-29
I,HM138709|USU-MO-1/2009|culex_pipiens|IT|2009-09-09
I,JF834634|USU-MO-m36/2010|culex_pipiens|IT|2010-08-19
I,NA|USU-BO-m4/2010|culex_pipiens|IT|2010-08-09
I,NA|USU-RA-m1/2010|culex_pipiens|IT|2010-08-12
I,NA|USU-RA-m4/2010|culex_pipiens|IT|2010-08-12
I,NA|USU-MO-m16/2010|culex_pipiens|IT|2010-08-21
I,NA|USU-RE-m11/2010|culex_pipiens|IT|2010-08-10
I,NA|USU-BO-m2/2010|culex_pipiens|IT|2010-08-06
I,NA|USU-RE-m2/2010|culex_pipiens|IT|2010-07-27
I,JF834598|USU-BO-m1/2010|culex_pipiens|IT|2010-08-05
I,JF834617|USU-FC-b1/2010|turdus_merula|IT|2010-08-20
I,NA|USU-RE-m3/2010|culex_pipiens|IT|2010-07-27
I,JF834565|USU-MO-b1/2010|turdus_merula|IT|2010-07-31
I,HM138707|USU-BO-1/2009|culex_pipiens|IT|2009-07-29
I,JF834570|USU-MO-m14/2010|culex_pipiens|IT|2010-08-19
I,JF834606|USU-BO-m9/2010|culex_pipiens|IT|2010-08-20
I,JF834608|USU-BO-m11/2010|culex_pipiens|IT|2010-08-20
I,JF826447|Usu425|homo_sapiens|IT|2009
I,JF834616|USU-FC-m1/2010|culex_pipiens|IT|2010-09-01
I,JF834633|USU-MO-m15/2010|culex_pipiens|IT|2010-08-19
I,JF834627|USU-MO-m8/2010|culex_pipiens|IT|2010-08-12
I,JF834630|USU-MO-m10/2010|culex_pipiens|IT|2010-08-19
I,JF834626|USU-MO-m7/2010|culex_pipiens|IT|2010-08-12
I,NA|USU-BO-m3/2010|culex_pipiens|IT|2010-08-06
I,NA|USU-FE-m4/2010|culex_pipiens|IT|2010-08-26
I,NA|USU-RE-m5/2010|culex_pipiens|IT|2010-08-10
I,NA|USU-RE-m8/2010|culex_pipiens|IT|2010-08-10
I,JF834646|USU-MO-m25/2010|culex_pipiens|IT|2010-08-30
I,NA|USU-MO-m19/2010|culex_pipiens|IT|2010-08-24
I,HM138716|USU-BO-8/2009|culex_pipiens|IT|2009-09-02
I,JF834659|USU-MO-b4/2010|asio_otus|IT|2010-07-02
I,JF834638|USU-MO-m1/2010|culex_pipiens|IT|2010-08-23
I,MT476103|USUV_6385_2017|NA|CH|2017
I,MT476070|USUV_3868_2018|NA|CH|2018
I,MT476073|USUV_4078_2018|NA|CH|2018
I,MN566103|USUV_FTA-10_TI2016|culex_sp|CH|2016-09-29
I,MN566102|USUV_Cx-228_TI2016|culex_sp|CH|2016-09-29
I,MT476071|USUV_4020_2018|NA|CH|2018
I,MT476072|USUV_4077_2018|NA|CH|2018
I,MT476074|USUV_4167_2018|NA|CH|2018
I,MT476077|USUV_4247_2018|NA|CH|2018
I,NA|USU-RE-m9/2010|culex_pipiens|IT|2010-08-10
I,JF834584|USU-RE-m1/2010|culex_pipiens|IT|2010-07-27
I,JF834582|USU-RA-m5/2010|culex_pipiens|IT|2010-08-12
I,JF834629|USU-MO-m9/2010|culex_pipiens|IT|2010-08-19
I,JF834632|USU-MO-m13/2010|culex_pipiens|IT|2010-08-19
I,JF834651|USU-MO-m29/2010|culex_pipiens|IT|2010-09-07
I,KF801586|NA|culex_pipiens|IT|2012-08-22
I,JF834663|USU-PR-m1/2010|culex_pipiens|IT|2010-08-18
I,PP496780|USU-OE1/2021|NA|CZ|2021-06-15
I,MK591827|NA|homo_sapiens|IT|2018-08
I,JF834662|USU-RN-b1/2010|garrulus_glandarius|IT|2010-10-28
I,JF834602|USU-BO-m6/2010|culex_pipiens|IT|2010-08-11
I,JF834654|USU-MO-m32/2010|culex_pipiens|IT|2010-09-09
I,JF834607|USU-BO-m10/2010|culex_pipiens|IT|2010-08-20
I,JF834653|USU-MO-m31/2010|aedes_albopictus|IT|2010-09-09
I,JF834648|USU-MO-m26/2010|culex_pipiens|IT|2010-09-02
I,JF834644|USU-MO-m23/2010|culex_pipiens|IT|2010-08-30
I,JF834597|USU-BO-b2/2010|pica_pica|IT|2010-07-29
I,HM138712|USU-BO-5/2009|culex_pipiens|IT|2009-07-08
I,HM138713|USU-BO-6/2009|culex_pipiens|IT|2009-07-08
I,NA|USU-RA-m2/2010|culex_pipiens|IT|2010-08-12
I,KY113091|BNI-490|turdus_merula|DE|2016-09-25
I,KY113097|BNI-497|turdus_merula|DE|2016-09-26
I,KY113101|BNI-504|turdus_merula|DE|2016-10-04
I,KY113104|BNI-527|turdus_merula|DE|2016-10-09
I,KY113103|BNI-511|turdus_merula|DE|2016-09-29
I,KY113102|BNI-507|turdus_merula|DE|2016-09-30
I,JF834609|USU-BO-m12/2010|culex_pipiens|IT|2010-08-20
I,JF834618|USU-FC-b2/2010|turdus_merula|IT|2010-10-13
I,JF834652|USU-MO-m30/2010|culex_pipiens|IT|2010-09-07
I,JF834657|USU-MO-b2/2010|streptopelia_decaocto|IT|2010-09-28
I,JF834604|USU-BO-m7/2010|culex_pipiens|IT|2010-08-13
I,MK591825|NA|homo_sapiens|IT|2018-08
I,MK900669|UD-17-Ti|turdus_iliacus|IT|2017
I,MK591822|NA|homo_sapiens|IT|2018-08
I,MK591823|NA|homo_sapiens|IT|2018-08
I,MW164718|17pool1646|culex_pipiens|IT|2017-08-16
I,MK881044|USUV427/2018/SK|culex_pipiens|SK|2018
I,MK121945|AT-G18/16|aedes_japonicus|AT|2018-08-22
I,PQ785876|Austria/MUW1753427/2024|homo_sapiens|AT|2024-09-04
I,MN395370|NA|culex_pipiens|CZ|2018-08-14
I,PQ394283|296_USUV_Hungary_2024|culex_sp|HU|2024
I,OR141577|ED-I-220/20|turdus_merula|DE|2019-09
I,OR141574|19_51217-UGF179|turdus_merula|DE|2019-09
I,MF991890|BD6/17-AT|homo_sapiens|AT|2017-08-19
I,MK900664|FE-17-Tm|turdus_merula|IT|2017
I,MK015649|NA|homo_sapiens|IT|2018-09
I,MK900667|PE2-18-Cp|culex_pipiens|IT|2018
I,MK598452|NA|turdus_merula|HU|2017-08
I,MK598465|NA|turdus_merula|AT|2018-08-09
I,MK900666|PE1-18-Cp|culex_pipiens|IT|2018
I,MK900668|PE-17-Cp|culex_pipiens|IT|2017
I,PQ785867|Austria/MUW1747596/2024|homo_sapiens|AT|2024-08-09
I,PV737684|USUV/HR/human/1150/2024|homo_sapiens|HR|2024-09-12
I,MK598464|NA|turdus_merula|AT|2018-08-09
I,MK900671|FE-18-Tm|turdus_merula|IT|2018
I,MK956040|USUV-M_661|turdidae_sp|DE|2018
I,MW160853|NA|culex_pipiens|AT|2018-09-05
I,MK598453|NA|turdus_merula|HU|2017-09
I,MK598474|NA|turdus_merula|HU|2018-08
I,OR141573|19_51217-UGF178|turdus_merula|DE|2019-08
I,KF055447|NA|culex_pipiens|IT|2012
I,OR141575|19_51217-UGF184|turdus_merula|DE|2019-09
I,KX257051|NA|turdus_merula|IT|2010
I,KX257043|NA|turdus_merula|IT|2010
I,KX257052|NA|turdus_merula|IT|2010
I,MZ754029|USUV-19_51217-UGF179|turdus_merula|DE|2019
I,OP422564|ED-I-171/19|strix_nebulosa|DE|2019-09-06
I,OR141597|20_51217-UGF197|turdidae_sp|DE|2020-07
I,JF826448|Usu973|homo_sapiens|IT|2009
I,LR989890|ED-I-139/19|parus_major|DE|2019
I,OM142204|human/Vienna21|homo_sapiens|AT|2021-09-10
I,MK881042|USUV220/2018/SK|culex_pipiens|SK|2018
I,MN912546|NA|culex_pipiens|SK|2018
I,MN912549|NA|culex_pipiens|SK|2018
I,PQ785875|Austria/MUW1752114/2024|homo_sapiens|AT|2024-08-30
I,OR141576|19_51217-UGF194|turdus_merula|DE|2019-09
I,NA|22VIR8403-2|turdus_merula|IT|2022-09-01
I,NA|22VIR7146-3|columba_livia|IT|2022-07-22
I,MN419895|NA|culex_modestus|CZ|2016-09-01
I,MT891321|USUV/HR/mosquito/34/2019|culex_pipiens|HR|2019-08-01
I,PV737682|USUV/HR/bird/85/2022|turdus_merula|HR|2022-08-26
I,PV737683|USUV/HR/human/2073/2024|homo_sapiens|HR|2024-07-06
I,PQ870991|373_2024_USUV_HU|culex_sp|HU|2024
I,PQ394280|204_USUV_Hungary_2024|culex_sp|HU|2024
I,PQ394281|205_USUV_Hungary_2024|culex_sp|HU|2024
I,PQ394282|265_USUV_Hungary_2024|culex_sp|HU|2024
I,MW803140|UV780/Serbia/2019|culex_pipiens|RS|2019
I,MN395369|NA|culex_pipiens|CZ|2018-08-14
I,MN395371|NA|culex_modestus|CZ|2016-09-01
I,PV156649|Cyprus_2022|culex_pipiens|CY|2022-03-03
I,MK121944|AT-G18/8|culex_pipiens|AT|2018-08-22
I,PQ870992|406_2024_USUV_HU|culex_sp|HU|2024
I,MK092891|BD12/18-AT|homo_sapiens|AT|2018-08
I,PQ785869|Austria/MUW1749169/2024|homo_sapiens|AT|2024-08-18
I,PQ785879|Austria/MUW1756483/2024|homo_sapiens|AT|2024-09-10
I,PQ870993|416_2024_USUV_HU|culex_sp|HU|2024
I,PQ462398|9458_2024_USUV_HU|homo_sapiens|HU|2024
I,MN419913|NA|turdus_merula|CZ|2017-08-05
I,MZ754031|USUV-19_51217-UGF194|turdus_merula|DE|2019
I,KF055440|NA|culex_pipiens|IT|2011
I,KF055441|NA|culex_pipiens|IT|2011
I,KF055442|NA|turdus_merula|IT|2011
I,KF055444|NA|culex_pipiens|IT|2012
I,KF055443|NA|culex_pipiens|IT|2012
I,MK598471|NA|turdus_merula|AT|2018-08-29
I,MW160857|NA|culex_pipiens|AT|2018-08-16
I,PQ144555|ED-I-230/22|turdus_merula|DE|2022-09-04
I,PQ144557|ED-I-155/22|turdus_merula|DE|2022-09-03
I,PQ144556|ED-I-154/22|cyanistes_caeruleus|DE|2022-08-25
I,MK881043|USUV416/2018/SK|culex_pipiens|SK|2018
I,MK092894|BD1/18-AT|homo_sapiens|AT|2018-06
I,MK092900|BD19/18-AT|homo_sapiens|AT|2018-08
I,MT891319|USUV/HR/human/10812/2018|homo_sapiens|HR|2018-09-17
I,PQ144564|NA|strix_nebulosa|DE|2022-08-26
I,MF063050|HU-50898/15|turdus_pilaris|HU|2015-09-28
I,PP746542|USUV1229/2022/GR|culex_pipiens|EL|2022-09-28
I,MK092890|BD10/18-AT|homo_sapiens|AT|2018-08
I,PP746543|USUV39/2020/GR|culex_pipiens|EL|2020-08-24
I,MN912552|NA|culex_pipiens|SK|2018
I,PP746541|USUV139/2020/GR|culex_pipiens|EL|2020-09-07
I,MK092896|BD8/18-AT|homo_sapiens|AT|2018-08
I,MK121946|AT-G18/19|culex_pipiens|AT|2018-09-05
I,MK121947|AT-G18/20|culex_pipiens|AT|2018-09-05
I,MW533154|E203C/2019/Kosice/SVK|culex_pipiens|SK|2019-07-26
I,KX257032|NA|homo_sapiens|IT|2008
I,KX257033|NA|homo_sapiens|IT|2008
I,KX257044|NA|phasianus_colchicus|IT|2011
I,KX257029|NA|homo_sapiens|IT|2008
I,KX257035|NA|homo_sapiens|IT|2009
I,KX257031|NA|homo_sapiens|IT|2008
I,KX257036|NA|homo_sapiens|IT|2008
I,KX257045|NA|garrulus_glandarius|IT|2011
I,KX257038|NA|homo_sapiens|IT|2009
I,KX257037|NA|homo_sapiens|IT|2009
I,KX257034|NA|homo_sapiens|IT|2008
I,MN509808|USUV/HU/FVGITA/2018/01|homo_sapiens|IT|2018-08-06
I,KX257030|NA|homo_sapiens|IT|2008
I,MF063052|HU-21356/10|turdus_merula|HU|2010-09-03
I,MF063051|HU-26076/11|turdus_merula|HU|2011-10-05
I,MZ754050|USUV-20_51217-UGF197|turdus_merula|DE|2020
I,MZ754006|USUV-ED-I-171/19|strix_nebulosa|DE|2019
I,MZ754061|USUV-20_51217-UGF170|turdidae_sp|DE|2020
I,MZ754058|USUV-20_51217-UGF208|turdidae_sp|DE|2020
I,MK598459|NA|turdus_merula|AT|2018-08-02
I,MK598470|NA|cyanistes_caeruleus|AT|2018-08-25
I,MK598472|NA|passer_domesticus|AT|2018-08-28
I,MK598469|NA|panurus_biarmicus|AT|2018-08-20
I,MK598455|NA|turdus_merula|AT|2018-07-11
I,MK598456|NA|turdus_merula|AT|2018-08-01
I,MK598443|NA|turdus_merula|AT|2017-08-18
I,MK598451|NA|passer_montanus|HU|2017-08
I,MK598447|NA|turdus_merula|AT|2017-09-14
I,MK598445|NA|turdus_merula|AT|2017-09-14
I,MF991888|BD2/17-AT|homo_sapiens|AT|2017-08-05
I,MF991887|BD1/16-AT|homo_sapiens|AT|2016-09-18
I,MW160856|NA|culex_pipiens|AT|2018-08-16
I,MN395384|NA|turdus_merula|CZ|2017-08-05
I,MF991889|BD4/17-AT|homo_sapiens|AT|2017-08-12
I,MK598446|NA|turdus_merula|AT|2017-09-14
I,MK598458|NA|turdus_merula|AT|2018-08-01
I,MK598448|NA|turdus_merula|AT|2017-09-14
I,MK598467|NA|turdus_merula|AT|2018-08-16
I,MK598462|NA|turdus_merula|AT|2018-08-08
I,MK598457|NA|turdus_merula|AT|2018-08-01
I,MK598466|NA|passer_domesticus|AT|2018-08-14
I,MK598460|NA|turdus_merula|AT|2018-08-03
I,MK598473|NA|turdidae_sp|AT|2018-09-04
I,MK598454|NA|turdus_merula|HU|2017-09
I,MK598450|NA|turdus_merula|AT|2017-09-14
I,KM871201|ITA055|culex_modestus|IT|2011
I,MW160854|NA|culex_pipiens|AT|2018-09-12
I,MK598449|NA|turdus_merula|AT|2017-09-14
I,MK598468|NA|turdidae_sp|AT|2018-08-16
I,MK598463|NA|turdus_merula|AT|2018-08-08
I,MW160850|NA|culex_pipiens|AT|2018-07-18
I,MW160851|NA|culex_pipiens|AT|2018-08-08
I,MW160855|NA|culex_pipiens|AT|2018-08-29
I,MW160852|NA|culex_pipiens|AT|2018-08-08
I,MW160861|NA|culex_pipiens|AT|2018-08-22
I,MW160860|NA|culex_pipiens|AT|2018-08-22
I,OR141598|20_51217-UGF208|turdus_merula|DE|2020-08
I,OR141596|20_51217-UGF170|turdus_merula|DE|2020-09
I,MK598461|NA|turdus_merula|AT|2018-08-07
I,MZ754030|USUV-19_51217-UGF184|turdus_merula|DE|2019
I,MZ754028|USUV-19_51217-UGF178|turdus_merula|DE|2019
I,MZ754045|USUV-VD-2020/58610_|turdus_merula|DE|2020
I,MZ754012|USUV-ED-I-138/19|turdus_merula|DE|2019
I,MZ754020|USUV-4119031210/1|turdus_merula|DE|2019
I,NA|23pool1744_23RS1822-82|culex_pipiens|IT|2023-08-03
I,MW164763|18pool1755|culex_pipiens|IT|2018-08-22
I,MK060111|NA|culex_sp|IT|2018-09
I,MK006173|NA|homo_sapiens|IT|2018-09
I,MK598444|NA|turdus_merula|AT|2017-09-14
I,MW160859|NA|culex_pipiens|AT|2018-08-16
I,MW160858|NA|culex_sp|AT|2018-08-16
I,JF331431|TV2-09-Tm|turdus_merula|IT|2009-10-14
I,MK092892|BD15/18-AT|homo_sapiens|AT|2018-08
I,MK900665|PE-18-Cp|culex_pipiens|IT|2018
I,MK591824|NA|homo_sapiens|IT|2018-08
I,KX257047|NA|sturnus_vulgaris|IT|2012
I,KX257048|NA|turdus_merula|IT|2010
I,JF331434|MO-09-Hu|homo_sapiens|IT|2009-10-23
I,PP354988|NA|strix_nebulosa|SI|2022-08-30
I,JF331435|UD-09-Tm|turdus_merula|IT|2009-10-14
I,KX257039|NA|turdus_merula|IT|2010
I,JF331437|TV3-09-Tm|turdus_merula|IT|2009-11-02
I,KX257049|NA|turdus_merula|IT|2010
I,JF331436|RA-09-Tm|turdus_merula|IT|2009-11-02
I,JF331432|TV1-09-Tm|turdus_merula|IT|2009-04-22
I,KX257042|NA|turdus_merula|IT|2010
I,KX257040|NA|turdus_merula|IT|2010
I,MK060109|NA|homo_sapiens|IT|2017-08
I,JF331433|VE-09-Tm|turdus_merula|IT|2009-11-02
I,PQ394284|7096_USUV_Hungary_2024|homo_sapiens|HU|2024
I,MK211164|NA|homo_sapiens|HU|2018-09
I,KX257050|NA|turdus_merula|IT|2010
I,KX257041|NA|turdus_merula|IT|2010
I,MK092888|BD5/18-AT|homo_sapiens|AT|2018-08
I,MK591826|NA|homo_sapiens|IT|2018-08
J,MW164675|14pool1423|culex_pipiens|IT|2014-08-26
K,MF063049|HU-56596/15|turdus_merula|HU|2015-10-26
K,MN395372|NA|turdus_merula|CZ|NA
K,MN395378|NA|turdus_merula|CZ|2018-07-16
K,MN395373|NA|turdus_merula|CZ|2017-08-08
K,MN395374|NA|turdus_merula|CZ|2017-08-08
K,MN395376|NA|turdus_merula|CZ|2017-08-22
K,MN395375|NA|turdus_merula|CZ|2017-08
K,MN395377|NA|turdus_merula|CZ|2017-08-26
K,JX236666|NA|turdus_merula|CZ|2011-05-25
K,KT445930|13-662|culex_modestus|CZ|2013-08-07
K,EF078294|USU281-03|turdus_merula|AT|2003
K,EF078301|USU589-05|turdus_merula|AT|2005
K,EF393680|USU604-05|turdus_merula|AT|2005
K,EF393679|USU588-05|turdus_merula|AT|2005
K,JX236667|NA|turdus_merula|CZ|2011-05-25
K,MZ754066|USUV-V_94_19|serinus_canaria|DE|2019
K,MN419896|NA|turdus_merula|CZ|2017-07-04
K,MN419904|NA|turdus_merula|CZ|2018-07
K,MN419905|NA|turdus_merula|CZ|2018-07-05
K,MN419906|NA|turdus_merula|CZ|2018-07-09
K,MN419903|NA|turdus_merula|CZ|2018-07-16
K,MN419902|NA|turdus_merula|CZ|2017-08-26
K,MN419897|NA|turdus_merula|CZ|2017-08-08
K,MN419898|NA|turdus_merula|CZ|2017-08-08
K,MN419901|NA|turdus_merula|CZ|2017-08-22
K,MN419899|NA|turdus_merula|CZ|2017-08-12
K,MN419900|NA|turdus_merula|CZ|2017-08-17
